country,1951,1952,1953,1954,1955,1956,1957,1958,1959,1960,1961,1962,1963,1964,1965,1966,1967,1968,1969,1970,1971,1972,1973,1974,1975,1976,1977,1978,1979,1980,1981,1982,1983,1984,1985,1986,1987,1988,1989,1990,1991,1992,1993,1994,1995,1996,1997,1998,1999,2000,2001,2002,2003,2004,2005,2006,2007,2008,2009,2010,2011,2012,2013,2014,2015,2016,2017,2018,2019,2020,2021,2022
Afghanistan,,,,,,,,,,,,,,,,,,,,,,,,,,,,,0,1.23M,2.15M,608k,225k,295k,236k,441k,417k,111k,21k,695k,32.8k,1.75M,1.18M,643k,52k,4900,2440,9560,65.4k,1.03M,213k,1.3M,375k,269k,251k,57.7k,951k,217k,61.2k,174k,388k,55.2k,16.7k,49.9k,243k,54.6k,87.7k,33.1k,12.8k,145k,142k,135k
Angola,,,,,,,,,,150k,0,20k,5000,25k,20k,83.8k,52.4k,25.2k,26.8k,5930,5570,1810,5050,70.8k,4440,2640,30.6k,116k,6870,204k,8030,8830,168k,59.7k,40.4k,38k,36.3k,15.8k,1130,932,26.1k,81.1k,23.3k,41.3k,35.9k,3030,18k,51.7k,34.1k,85.8k,41.2k,30.8k,108k,103k,14.2k,16.1k,21.1k,14.8k,30.4k,6140,6130,109k,8700,530,3920,1950,2960,1040,1800,1650,3500,1580
Albania,,,,,,,,,,,,,,3.11M,4760,0,600,140,170,20,3920,1910,210,1710,0,380,2000,20,370,71,1,35,35,34,11,1500,39,229,9,1460,1720,813,392,274,783,20,403,28,933,3330,1980,4140,836,1120,1500,1070,622,159,472,1170,376,546,3580,5380,27.3k,17.7k,3890,3650,549,883,9030,2600
Andorra,,,,,,,,,,,,,,,,,,,,,,,,,,,,,,,,,,,,,,,,,,,,,,,,,,,14.4k,7,2,7,10,5,5,5,5,0,0,1,1,0,5,5,0,5,0,5,0,6
UAE,,,,,,,,,,,,,,,,,,5.48M,0,0,0,0,0,0,0,0,0,0,0,0,0,0,0,0,0,0,0,0,0,0,0,0,0,0,0,0,0,5,0,20,22,18,27,36,28,224,45,52,170,9,48,103,468,27,42,69,81,97,105,26,13,11
Argentina,,,,,,,,,,,,,,,,,,,104,0,0,0,0,0,0,0,0,0,0,38,0,981,977,0,9,1,5,1,57,229,136,85,14,370,137,112,61,17,445,1580,57,15,193,613,154,71,217,103,420,121,77,84,24,39,67,7,134,128,430,257,610,341
Armenia,,,,,,,,,,,,,,2070,170,0,0,200,0,0,3870,570,3500,0,0,0,440,20,280,367,0,400,400,0,0,195,320,92,300,0,0,195k,5120,1720,398,1790,458,10.5k,81,182k,2280,5620,788,670,851,2010,894,677,1990,1590,1360,318,1470,768,1580,4100,1890,956,2680,2880,2360,3430
Antigua and Barbuda,,,,,,,,,,,,,,,,,,,,,,,,,,,,,,,,,,,,,,,,,,,,,,,,,,25.7k,5,35,19,1,6,6,2,26,18,8,4,16,2,10,0,44,50,8,28,23,1,56
Australia,25k,0,0,0,0,0,0,0,0,0,0,0,0,0,0,0,0,0,0,0,0,0,0,0,0,0,0,0,0,0,0,0,0,0,0,0,0,0,0,0,0,0,0,0,0,0,0,0,0,5,5,13,6,1,23,7,23,11,14,16,5,9,20,5,6,4,5,7,43,38,5,38
Austria,75,0,0,0,0,0,0,0,0,0,0,0,0,0,0,0,0,0,0,0,0,0,0,0,0,0,0,0,0,0,0,0,0,0,0,0,0,0,0,0,0,0,0,60,11,4,1,9,16,14,1,50,3,30,13,16,22,9,0,5,0,10,5,10,0,0,31,2,6,10,10,3
Azerbaijan,,,,,,,,,,,,,,,,,,,,,,,,,,,,,,,,,,,,,,,,,,300k,28k,28.9k,98.6k,35.6k,1140,94.7k,18.5k,21.6k,15.1k,9290,7320,3350,16.7k,109k,111k,372,1210,582,472,628,3310,478,20,3300,2220,130,706,88k,63.2k,2240
Burundi,,,,,,,,,,,52.4k,0,0,0,3000,2750,250,0,0,0,0,129k,2900,11k,21.1k,10.4k,1230,5370,3500,18.1k,13.2k,6680,280,6360,16.9k,10.8k,23.7k,3240,1290,178,32.3k,39.8k,687k,482k,39.1k,78.1k,90.4k,16.6k,24.9k,44.3k,13.8k,24.1k,42.3k,46.1k,46.6k,44.9k,19.3k,94.5k,189k,7520,19.2k,24.5k,721,4800,228k,113k,67.3k,58.5k,7140,10.9k,47.4k,4440
Belgium,16.2k,0,0,0,0,0,0,0,0,0,0,0,0,0,0,0,0,0,0,0,0,0,0,0,0,0,0,0,0,0,0,0,0,0,0,0,0,0,0,0,0,0,0,0,5,0,4,5,1,25,11,16,6,7,57,17,35,22,5,4,2,16,3,10,6,39,25,40,10,49,28,5
Benin,,,,,,,,,,,,,,,,,,,464,0,0,0,0,0,0,100,100,200,0,200,0,0,0,0,0,50,0,0,10,60,0,0,62,10,22,8,1,4,1,151,39,220,67,11,164,313,59,74,114,55,66,150,84,219,527,83,79,34,198,21,156,24
Burkina Faso,,,,,,,,,,,,,,,,,,,,,,,,,,,,,,,,,949,50,40,20,60,50,0,0,6,55,0,8,9,4,48,12,1,265,34,818,148,315,114,235,245,218,331,280,41,363,553,904,1420,1710,1700,8150,333,4080,4990,26.6k
Bangladesh,,,,,,,,,,,,,,,,,,,,,,,,,,,,503,0,0,0,0,0,0,0,0,0,5,0,472,136,53.3k,3230,958,762,1000,13.6k,39.7k,189,4260,262,1640,3200,1240,2390,5650,5760,753,4560,4280,1250,3040,14.3k,105,10.2k,2930,45.1k,5030,5760,2040,4580,2300
Bulgaria,,,,,,,,,,,,,,,,,,,84,230,20,0,0,40,0,300,0,290,290,329,55,17,30,44,7,30,22,760,29,1050,811,247,177,1540,535,911,197,72,469,1060,78,959,650,489,2010,1210,539,382,154,495,177,226,227,221,360,414,25,45,77,50,65,154
Bahrain,,,,,,,,,,,,,,,,,,,,,,,,1510,0,0,0,0,0,0,0,0,0,0,0,0,0,0,0,39,13,1,6,15,4,6,18,12,30,19,92,3,1,15,8,8,11,1,10,33,180,112,34,79,61,76,90,7,37,61,99,50
Bahamas,,,,,,,,,,,,,,,,,,,,,,,,,,,,,,,,,,,,,,,,,,47k,0,0,0,0,0,0,0,7,19,137,145,1,1,16,3,0,7,1,174,8,8,21,40,121,196,199,217,200,165,111
Bosnia and Herzegovina,,,,,,,,,,,,,,,,,,,,,,,,,,,,,,,,,,,,,,,,,,435k,181k,158k,6340,224k,145k,209k,41.9k,88.9k,57.8k,39.1k,110k,72.2k,118k,89.9k,122k,3860,4370,6820,3820,5920,23.7k,2480,2670,4480,1730,1000,532,1110,2880,243
Belarus,,,,,,,,,,,,,,,,,,,,,,,,,,,,,,,,,,,,,,,,,,,,324,47,415,199,8,1210,1780,1540,3620,1480,287,645,792,4900,295,35,21,354,368,1940,30,362,227,696,296,629,400,3590,4720
Belize,,,,,,,,,,,,,,,,,,,,,,,,,,,,,,123,0,0,0,0,0,0,0,0,0,0,0,0,0,8,0,3,5,0,11,15,4,3,4,8,0,2,4,12,3,1,12,3,50,35,19,74,52,17,64,31,68,14
Bolivia,,,,,,,,,,,,,,,,,,,,5770,1530,1200,1730,1650,1560,30,60,0,0,170,70,170,270,0,0,0,0,0,26,703,662,39,12,137,3,3,14,24,11,122,19,390,38,85,45,180,49,236,124,9,44,11,17,61,52,33,444,121,246,153,474,12
Brazil,,,,,,,,,,,,,,,,,,,466,0,2000,0,2000,0,0,0,0,0,0,5,0,0,0,0,0,0,5,0,6,9,4,0,2,32,11,32,19,31,60,675,176,542,56,231,452,172,789,164,423,102,5,78,218,634,877,1520,3070,1970,3830,4970,9990,9170
Barbados,,,,,,,,,,,,,,,,,,,,,,,,,,,,,,,,,,,,,,,,,,,,90.5k,5,0,0,0,0,13,17,37,16,29,4,39,4,9,16,2,23,9,8,15,20,69,60,44,67,9,6,5
Brunei,,,,,,,,,,,,,,,,,,,,,,,,,,,,,,,,,,,,,,,,,,,,,37.6k,5,0,0,0,0,0,0,0,0,47,47,0,0,0,0,0,0,0,0,5,0,4,9,10,0,5,1
Bhutan,,,,,,,,,,,,,,,,2140,0,0,0,0,0,0,0,0,0,0,0,0,0,0,0,0,0,0,0,0,0,0,0,0,9500,65.9k,9890,17.9k,1480,2070,1880,3010,1930,1370,1920,1670,8360,1520,1900,1880,2710,6180,16k,14k,17.1k,17.3k,9970,7890,5890,5900,3680,864,238,100,37,16
Botswana,,,,,,,,,,,,,,,,,,19.6k,0,0,0,0,0,0,0,0,0,0,0,0,0,0,0,0,0,0,0,0,5,0,0,0,0,17,5,5,6,0,6,5,0,10,6,9,4,29,32,108,50,14,15,5,15,37,76,13,18,4,11,42,10,131
Central African Republic,,,,,,,,,,,,,,290,0,0,0,0,0,0,0,0,0,0,0,0,0,0,0,0,0,15k,15k,0,0,230,70,10,140,210,220,5,16,45,23,1,101,29,22,1,28.9k,3030,10.2k,3880,12.4k,29.1k,25.6k,26.9k,34.1k,6010,1750,1810,93.8k,166k,55.3k,19.8k,57k,49.6k,18k,29.5k,96.3k,36
Canada,160k,0,0,0,0,0,0,0,0,0,0,0,0,0,0,0,0,0,0,0,0,0,0,0,0,0,0,0,0,0,0,0,0,0,0,0,0,0,0,0,5,0,0,0,0,5,2,4,3,13,18,58,11,8,80,17,451,434,49,15,17,18,9,27,263,277,23,7,1,14,13,131
Switzerland,81,0,0,0,0,0,0,0,0,0,0,0,0,0,0,0,0,0,0,0,0,0,0,0,0,0,0,0,0,0,0,0,0,0,0,0,0,0,0,0,0,0,0,8,19,5,22,22,14,21,9,0,26,23,3,24,5,1,8,4,0,1,10,5,0,1,0,3,7,4,0,5
Chile,,,,,,,,,,,,,,,,,,,20.2k,0,0,0,0,13.6k,1800,12.7k,330,130,0,1630,380,598,689,242,629,253,528,1300,593,13.3k,541,36,1220,210,1200,1470,3030,2770,5470,522,16,1190,360,478,370,129,210,25,367,150,34,91,554,15,34,8,148,150,744,1030,7280,1180
China,,,,,,,,,,,,,,1.19M,130k,3190,1.25M,4000,5000,1000,4000,5000,75k,0,0,0,0,0,0,24,0,80,80,0,100,30,130,241,148,1010,585,80.6k,28.9k,2400,9220,1120,925,2670,2550,16.2k,9040,20.1k,3680,786,11k,14.4k,6750,30.2k,4090,6540,9410,7070,11.1k,38.2k,12.5k,9330,17.3k,9170,10.7k,33.7k,5270,7490
Cote d'Ivoire,,,,,,,,,,,,,,,,,,,1350,0,0,0,0,0,0,0,0,0,0,0,0,0,0,0,0,0,0,0,0,0,15,22,4,61,101,69,83,176,30,888,192,23.8k,11.5k,8530,3710,8000,3040,961,267,19.4k,125k,61.1k,15.3k,11.3k,501,19.4k,1110,5370,1940,12.5k,807,20.9k
Cameroon,,,,,,,,,,,,,,,,,,,,12.5k,0,0,0,0,0,0,0,0,0,0,0,0,0,0,0,0,0,0,60,40,100,84,86,66,1780,93,139,901,302,1910,1330,3180,1490,1800,2600,197,717,2290,228,38,600,889,1120,127,2170,3370,14.4k,28.1k,24.4k,13.4k,46.1k,12.3k
"Congo, Dem. Rep.",,,,,,,,,,3160,0,0,0,58.7k,11.7k,27.8k,3390,10.9k,12.8k,2880,8180,450,540,3560,410,4660,221k,113k,81.1k,46.3k,2220,26.5k,9120,7060,8090,10.2k,27.2k,34.1k,2750,33.4k,1610,15.5k,6450,1540,16.5k,69.1k,15.2k,15.2k,97.1k,136k,28.9k,45k,40k,7690,26.2k,55.8k,24.5k,2400,82.7k,32.8k,24k,24.2k,3040,19.2k,33.4k,2670,137k,96.8k,94.8k,37.3k,70.7k,4400
"Congo, Rep.",,,,,,,,,,,,,,,,,1.05M,600,330,0,0,0,0,0,110,110,0,0,0,6,0,0,0,0,0,0,6,0,0,0,5,2,0,26,139,42,20.9k,4000,10.2k,4420,3220,6520,891,621,2690,7130,335,832,1220,64,8900,178,415,2890,935,1210,8730,1250,1150,1460,1620,191
Colombia,,,,,,,,,,,,,,,,,,,,281k,0,0,0,0,0,0,0,0,0,0,50,50,100,0,60,10,0,15,30,428,245,103,199,321,541,266,208,1160,876,9870,19.1k,19.1k,8390,7980,11.3k,14.5k,500k,169k,27.9k,1830,17.4k,25.8k,398,47.3k,18k,23.4k,99.5k,39.9k,80.5k,4020,64.3k,23.8k
Comoros,,,,,,,,,,,,,,,,,,,,,,,,,,,,,,,,,,,,,,,220k,0,5,0,0,5,5,0,5,22,0,94,14,31,31,462,4,495,56,278,139,97,78,55,324,101,152,22,124,202,993,1320,67,339
Cape Verde,,,,,,,,,,,,,,,,17,0,130,30,0,400,0,0,0,0,0,0,0,0,0,0,0,0,0,0,0,0,0,0,0,0,0,0,0,0,0,0,0,0,13,11,8,2,2,2,30,11,6,5,0,5,5,7,34,49,14,78,30,44,3,20,7
Costa Rica,,,,,,,,,,,,,,,,,,,,,,26.9k,0,0,0,0,0,0,0,0,0,0,0,0,0,0,0,0,0,0,0,5,0,217,13,73,50,36,23,208,476,1070,268,1070,178,48,65,3,1,6,55,23,575,384,48,73,167,74,190,63,216,122
Cuba,,,,,,,,,,,,,,,,,,,3420,2200,37.8k,37.4k,17.1k,1600,1600,0,0,0,3560,1870,1010,2050,270,431,520,1190,150,3040,3810,5840,4090,3660,1140,911,1540,605,551,1350,237,219,1070,1760,2420,642,3020,14.2k,26.3k,234,955,2090,3090,208,28,739,132,1790,7620,13.5k,30.5k,8580,12k,37.1k
Cyprus,,,,,,,,,,,,,,,,,,120k,0,0,0,0,0,0,0,0,700,700,0,0,0,0,0,0,0,0,0,11,0,0,11,0,0,6,3,0,2,3,7,5,9,7,10,10,5,0,5,0,0,0,0,0,0,0,5,0,15,7,8,16,1,7
Czech Republic,,,,,,,,,,,,,,,,,,,,43,0,0,10,10,0,50,0,0,0,393,4,105,73,35,525,570,26,5260,141,333,1630,1160,1690,367,2610,1060,282,1230,686,258,403,5780,126,2350,903,1480,805,625,1020,1200,549,600,281,323,19,100,80,119,113,77,351,156
Germany,32.7k,0,0,0,0,0,0,0,0,0,0,0,0,0,0,0,0,0,0,0,0,0,0,0,0,0,0,0,0,0,0,0,0,0,0,0,0,0,0,0,5,0,3,441,65,37,22,246,608,58,159,83,217,645,5,54,1,69,14,59,9,3,42,10,8,44,50,8,33,33,70,80
Djibouti,,,,,,,,,,,,,,,,,,,,,,,,,,,27,0,0,0,0,0,0,0,0,0,0,0,0,5,5,0,26,18k,27,4,9950,4920,1340,174,1420,50,8,62,185,128,87,21,79,10,88,55,213,146,317,667,779,177,39,117,299,871
Dominica,,,,,,,,,,,,,,,,,,,,,,,,,,,,,,,,,,,,,,,,,,,,,,,,,,2710,12,25,12,0,35,10,0,9,6,2,7,4,3,13,76,22,57,3,40,3,49,25
Denmark,763,0,0,0,0,0,0,0,0,0,0,0,0,0,0,0,0,0,0,0,0,0,0,0,0,0,0,0,0,0,0,0,0,0,0,0,0,0,0,0,0,0,0,11,7,16,1,5,3,6,26,7,3,0,0,0,0,1,6,4,0,0,5,10,5,21,16,14,7,20,11,6
Dominican Republic,,,,,,,,,,,,,,,,,,,,203,0,0,0,0,0,0,0,50,50,0,0,0,0,0,0,0,0,0,0,0,0,0,0,30,0,1,21,8,3,53,71,58,15,27,100,125,219,97,43,1,38,49,503,349,604,622,873,292,706,210,483,661
Algeria,,,,,,,,,,,,,,,,,,,,44.8k,0,0,0,0,0,0,0,0,0,0,5,0,0,0,0,5,0,5,0,13,37,14,15,20.7k,19.2k,723,1160,2310,1420,3200,810,3320,901,1580,1420,3540,2070,1370,861,1330,103,156,191,707,2460,210,429,1180,589,133,524,1500
Ecuador,,,,,,,,,,,,,,,,,,,,,,5940,0,0,0,0,0,0,0,0,0,0,0,0,0,0,0,0,0,5,22,11,10,126,29,13,1,292,15,447,145,565,240,199,164,96,465,300,1,248,106,201,1680,4720,3650,3300,3870,559,1830,2800,5330,7940
Egypt,,,,,,,,,,,,,,37k,0,0,0,0,0,0,0,0,0,0,0,0,0,50,50,0,5,0,1,0,1,1,0,6,1,37,48,112,47,244,369,328,522,886,880,1620,1010,2150,514,150,1010,668,880,177,29,135,2060,3600,8150,4430,3360,2750,3880,4920,2430,1180,5650,881
Eritrea,,,,,,,,,,,,,,,,,,,,,,,,,,,,,61,142,1000,43,200,0,0,1210,10,34,90,0,501k,2570,76k,4780,136k,45.5k,13.1k,27.7k,355,32.3k,43.3k,7920,217k,6980,14.2k,50.7k,22.2k,19.9k,22.5k,12.5k,30.5k,39.4k,31.2k,79.6k,52.8k,55.4k,39.6k,21.3k,9380,21.2k,8580,11.4k
Spain,2.37M,0,0,0,0,0,0,0,0,0,0,0,0,0,0,0,0,0,0,680,10,20,260,180,70,370,510,0,0,5,0,45,550,540,0,60,60,60,0,0,0,0,0,42,6,181,3,157,8,47,33,20,8,10,12,2390,2410,5,42,26,16,9,12,4,17,9,82,48,43,19,132,68
Estonia,,,,,,,,,,,,,,,,,,,,,,,,,,,,,,,,,,,,,,,,,,578k,36,201,54,959,44,473,158,100,47,634,17,206,122,125,432,32,2,26,2,224,112,0,17,9,15,12,11,9,1,105
Ethiopia,,,,,,,,,,,,,,,,,28.4k,2400,0,23.4k,850,10.6k,1660,2900,42.2k,14.3k,550k,232k,736k,944k,1.2M,28.4k,17k,194k,203k,215k,46.9k,25.6k,38.4k,129k,1.09M,61.9k,61.3k,25.4k,125k,4720,11.9k,13.7k,377,9910,9660,1090,3290,2770,5410,9010,1360,6060,16.2k,6110,8290,7440,9560,21.8k,14.3k,293,58.3k,4380,3250,47.8k,11.8k,7710
Finland,,,,,,,,,,,,,,,,,,,,,,,,,,,,,,,,,,3540,0,0,0,0,0,0,0,0,0,0,0,0,0,5,0,5,5,8,2,6,5,0,5,5,6,0,5,0,1,5,5,0,5,5,0,10,5,10
Fiji,,,,,,,,,,,,,,,,,,,,,,,,,,,,,,,,,,,,,,,,,,296k,70,67,66,83,21,25,27,1730,587,76,467,306,54,188,83,45,186,101,315,249,11,124,380,15,111,560,962,265,212,130
France,15,0,0,0,0,0,0,0,0,0,0,0,0,0,0,0,0,0,0,0,0,0,0,0,0,0,0,0,0,0,0,0,0,0,0,0,0,0,0,0,0,0,0,20,6,32,14,2,2,59,19,65,11,9,173,226,33,5,3,26,20,11,2,10,43,1,28,84,40,94,93,79
"Micronesia, Fed. Sts.",,,,,,,,,,,,,,,,,,,,,,,,,,,,,,,,,,,,,,,,,,,,,,,,,,,,132k,0,0,5,0,0,0,0,0,0,0,0,0,6,6,,,,,,
Gabon,,,,,,,,,,,,,,,,,,,396,0,0,0,0,0,0,0,0,0,0,0,0,0,0,0,0,0,0,0,0,0,0,17,0,5,5,5,5,10,0,13,29,17,15,5,57,3,1,18,23,26,11,30,39,11,103,200,314,169,252,236,47,125
UK,386,0,0,0,0,0,0,0,0,0,0,0,0,0,0,0,0,0,0,0,0,0,0,0,0,0,0,0,0,0,0,0,0,0,0,0,0,0,0,0,0,0,0,106,31,6,6,13,14,76,3,51,22,23,4,22,21,28,7,4,5,5,11,8,23,59,65,25,28,34,116,125
Georgia,,,,,,,,,,,,,,,,,,,,,,,,,,,,,,,,,,,,,,,,,,,10.4k,896,4810,48.2k,1330,11.5k,5790,6590,3270,283,4260,6070,891,418,5150,1820,2090,1950,4750,769,4500,3860,1260,4800,2450,4990,736,4500,3650,6310
Ghana,,,,,,,,,,,4610,0,0,0,0,5000,0,0,0,0,0,0,0,0,0,0,0,0,0,0,0,310,1650,244,993,496,1220,853,53,26,12,74,305,9810,690,1510,328,1150,337,2460,107,1180,704,1120,4340,9670,4400,8540,974,5980,655,4910,1710,3710,3930,6290,7090,3850,1630,5050,508,913
Guinea,,,,,,,,,,,,,,,,,,,,,191k,300,0,0,300k,200k,497k,3000,0,0,0,50,50,70,70,50,0,0,0,50,0,16,11,74,340,79,121,270,237,2860,1850,1360,192,227,1830,404,705,1300,2240,1020,3060,5760,2600,6900,1770,7100,12.9k,1690,728,1090,2500,328
Gambia,,,,,,,,,,,,,,,,,,,,,,,,,,,,,,,,,,,,,,,,1390,11,9,2,3,132,152,113,153,104,353,2,111,59,38,1220,84,2,211,657,156,474,1070,2380,8400,5700,9180,6300,5530,4280,9300,897,375
Guinea-Bissau,,,,,,,,,,,,,55.2k,24k,20k,11.1k,1530,2780,11.1k,1140,13.3k,2000,2000,6000,44k,9000,32k,0,0,0,1000,1000,0,10,340,5,355,1,2,0,5,0,0,5,4180,24,11,8020,5700,1620,96,410,62,14,78,0,20,44,108,38,149,467,344,650,328,123,1860,479,135,407,234,152
Equatorial Guinea,,,,,,,,,,,,,,,,,,207k,0,0,0,0,0,1000,89k,0,30k,30k,50k,2000,20k,0,18k,0,0,0,0,0,0,0,60,55,99,126,2,56,76,55,3,123,16,49,26,46,62,41,56,2,56,5,80,10,52,7,22,4,6,79,6,16,65,58
Greece,24.3k,0,0,0,0,0,0,0,0,0,0,0,0,0,17.7k,10.6k,16.3k,1600,230,300,19.8k,5130,710,5320,70,60,40,30,20,20,20,20,20,20,260,0,0,6,0,10,10,6,0,93,128,26,72,2,10,14,7,194,31,52,123,260,14,20,0,6,4,83,13,21,9,1,24,34,7,16,46,45
Grenada,,,,,,,,,,,,,,,,,,,,,,,,,,,,,,,,,,,,,,294,4,0,0,5,0,5,1,4,1,8,16,77,116,219,113,115,33,12,116,19,45,13,37,5,6,5,55,158,2,10,14,18,2,2
Guatemala,,,,,,,,,,,,,,,,,,,,,,151,0,0,0,0,0,0,0,750,1160,34.6k,5310,6080,5010,90,900,53,8340,2580,4600,1360,3680,659,6710,2560,2840,4760,4660,94.4k,6100,6410,14.7k,32.3k,27.8k,8200,5870,4990,1300,8170,494,522,7340,8230,13.9k,21.5k,30.2k,17k,36.3k,28.4k,16.7k,3850
Guyana,,,,,,,,,,,,,,,,,,,,,,4430,0,0,0,0,0,0,0,0,0,0,0,0,0,0,0,0,0,0,0,0,0,69,10,5,17,1,9,189,178,710,247,512,69,45,84,64,64,131,46,3,63,88,117,166,177,92,126,15,166,39
"Hong Kong, China",239k,0,0,0,0,0,0,0,0,0,0,0,0,0,0,0,0,0,0,0,0,0,0,0,0,0,0,0,0,0,0,0,0,0,0,0,0,0,0,0,0,0,0,257,55,100,55,8,22,1,5,6,10,10,2,7,8,24,18,21,78,63,6,13,50,14,12,82,194,275,410,43
Honduras,,,,,,,,,,,,,,,,,,,,,,13,0,0,0,0,0,0,0,0,0,0,0,0,0,100,100,0,5,13,3,20,409,762,6,38,13,146,31,1030,150,17,116,58,11,630,484,150,105,47,699,602,5180,5700,12k,19.4k,28.5k,21.2k,53.4k,34.6k,38.3k,16.8k
Holy See,,,,,,,,,,,,,,,,,,,,,,,,,,,,,,,,,,,,,,,,,,,,,,,,,,,,,,,,,177k,0,5,0,0,0,0,0,0,0,0,0,5,7,0,1
Croatia,,,,,,,,,,,,,,,,,,,,,,,,,,,,,,,,,,,,,,,,,,117k,16.9k,75.4k,169k,64.5k,39.2k,11.2k,15.6k,18.2k,44.9k,15.3k,44.7k,14.8k,96.5k,25.4k,6560,3400,20.5k,10.4k,2810,503,13.2k,10.5k,6690,6970,1440,953,326,349,5380,211
Haiti,,,,,,,,,,,,,,,,,,,,,,,,102,1000,0,0,300,3000,500,1200,0,230,210,660,980,40,381,1360,1250,235,626,1380,5940,4130,1190,360,1940,4770,18.5k,1910,703,4010,427,1580,4320,1160,3190,269,2920,8040,72,2610,68,157,8100,13.3k,3050,23.9k,13.5k,59.1k,11.5k
Hungary,,,,,,,,,,,,,,,2400,0,0,0,90,130,3270,10,40,20,10,90,50,120,120,763,19,16,121,177,5,54,52,3560,472,1410,1030,740,1020,546,2120,733,412,1430,446,1670,2630,1530,2240,1060,426,453,156,1570,2090,996,2260,2420,1640,1570,549,2420,422,261,53,541,42,2550
Indonesia,,,,,,,,,,,,,,,,,,,,,,,,,,,,98.1k,0,0,850,2050,970,9790,780,460,1660,379,1530,607,1000,665,1100,802,1110,1530,2570,254,31,3750,802,1650,8540,9930,5190,886,15.1k,1340,1350,2880,888,433,120,266,426,53,1230,2330,819,1610,1870,205
India,,,,,,,,,,,,,,101,0,0,0,0,0,0,0,0,0,0,0,0,0,0,0,0,0,0,0,0,0,0,0,10,3,184,209,615,470,1780,1750,2540,1370,745,183,11.3k,125,4100,250,116,3400,3900,2990,1110,2210,2580,1050,326,2600,3630,7630,471,13.1k,13.1k,16.4k,4610,10.2k,6540
Ireland,,,,,,,,,,,,,,,,,,,,,,,,,,,,,,,,,,586k,0,0,0,0,0,0,0,0,0,5,5,0,0,0,0,5,0,0,11,6,13,18,4,2,5,5,5,5,22,50,48,1,10,7,31,4,52,50
Iran,,,,,,,,,,,,20k,0,0,0,0,0,0,0,0,0,0,0,0,0,0,0,0,0,48,755,1680,3100,333,83k,324,76.9k,47.3k,5460,23.1k,54.5k,1590,13.3k,5770,8930,8240,10.1k,4020,3120,22k,2260,44.9k,17.7k,9200,12.4k,3880,37.4k,1430,6310,1670,5980,9160,3870,13.2k,24.9k,39.6k,12.1k,23.6k,2220,2840,313,4650
Iraq,,,,,,,,,,,,,,,,,,205k,0,2700,0,0,0,0,0,0,0,560,30.4k,98,35.5k,37.2k,45,2000,300k,758,10.1k,97.7k,482,626k,188k,22k,573k,21.2k,31.1k,3990,7390,32.3k,32.2k,76.1k,1460,113k,52k,57.7k,45.8k,1.2M,839k,408k,122k,94.1k,261k,682k,326k,29.1k,27.6k,93.2k,40.7k,6120,9960,33.2k,7410,12.6k
Iceland,,,,,,,,,,,,,,,,,,,,,,,,,,,,,,,,,,,,,,,,2710,0,0,0,0,0,5,0,0,0,0,5,13,3,2,4,22,22,0,5,0,5,0,5,0,0,0,0,5,0,5,7,89
Israel,,,,,,,,,,,,,,,,,,,,,,,,,,,,,,,,,,,,,,191,0,9,14,9,77,774,49,184,133,156,359,303,194,614,14,141,185,571,670,38,171,270,252,88,427,66,83,131,125,15,33,106,224,222
Italy,1480,0,0,0,0,0,0,0,0,0,0,0,0,0,0,0,0,0,0,0,0,0,0,0,0,0,0,0,0,0,0,0,0,0,0,0,0,0,0,0,0,0,0,145,25,11,3,36,27,30,12,192,21,23,24,120,25,7,14,24,8,30,22,32,35,27,153,116,57,26,167,194
Jamaica,,,,,,,,,,,,,,,,,,,,,,,,,,,,,,,,,,,,,,,,,894,0,5,5,1,7,3,5,7,177,108,308,44,35,142,154,71,224,256,127,218,74,230,148,417,436,522,289,384,101,296,138
Jordan,,,,,,,,,,,,,,,,,,,,,197,0,0,0,0,0,0,0,0,0,0,0,0,5,100,100,0,2,7,42,58,69,56,201,71,196,13,177,73,496,136,673,137,5,580,91,157,118,241,8,84,211,436,455,661,687,1230,963,481,440,1310,435
Japan,,,,,,,,,,,,,,,,,,,,,,,,,,,4590,0,0,0,0,0,0,0,0,0,0,0,0,0,0,0,0,7,2,5,0,0,0,16,12,8,8,45,28,137,340,329,33,17,53,2,8,116,110,72,7,13,6,11,12,24
Kazakhstan,,,,,,,,,,,,,,,,,,,,,,,,,,,,,,,,,,,,,,,,,,,9210,24,113,40k,609,20.3k,11.4k,5780,403,3560,212,671,1850,3100,2270,355,1060,36,136,249,1230,105,462,763,1330,2430,1390,1020,404,721
Kenya,,,,,,,,,,,,,,,,,,,,9840,0,0,0,0,90,90,1200,1120,0,80,0,0,0,0,0,0,0,0,0,7,24,30,22,8690,548,70,173,3530,94,2900,36,10k,760,1030,1020,9640,2830,2620,705,2350,87,169,282,699,311,78,2200,1490,817,797,875,542
Kyrgyz Republic,,,,,,,,,,,,,,,,,,,,,,,,,,,,,,,,,,,,,,,,,,,3940,13,7,17.1k,797,8870,3450,2930,11,2410,268,2,271,413,375,232,105,1270,416,38,1100,695,478,178,402,314,99,22,242,462
Cambodia,,,,,,,,,,,,,,371k,0,0,0,0,0,0,57k,2000,20k,35k,18.8k,1630,59.5k,88.4k,114k,142k,57.8k,11.7k,32.3k,18.6k,4950,12.7k,6260,49.2k,22k,21.4k,11.2k,14.3k,19.1k,1220,52.7k,1020,41k,26.7k,38.3k,1170,2090,1140,2050,13.3k,50,29,516,653,220,797,1060,1150,261,646,149,366,1010,928,56,54,187,473
Kiribati,,,,,,,,,,,,,,,,,,,,,,,,,,,,,,,,,,,,,,,,,,,,,,,,,,,,,17.8k,16,5,8,8,0,5,0,5,8,23,16,0,5,0,0,0,0,5,5
St. Kitts and Nevis,,,,,,,,,,,,,,,,,,,,,,,,,,,,,,,,,,,,,,,,,,,,,,,,,,158k,5,5,0,5,31,26,3,0,3,11,1,9,3,6,18,26,2,0,5,2,7,18
South Korea,,,,,,,,,,,,,,,,,,,,,,,,,,,,4200,0,0,0,0,0,0,0,0,0,0,0,0,5,0,0,12,12,11,10,13,9,356,126,294,113,159,11,1050,74,41,723,74,130,57,31,53,162,89,111,190,13,46,141,31
Kuwait,,,,,,,,,,,,,,,,,,,,,,,,,,,,,10,0,0,0,0,0,0,0,0,0,0,46,3,28,14,667,6,90,30,3,161,202,56,21,102,239,41,294,112,63,84,75,209,48,180,90,273,156,385,423,231,135,722,380
Lao,,,,,,,,,,,,,,,,,,,,,,6280,0,0,55.5k,7210,16.3k,40.2k,9590,23.5k,15.3k,9400,4460,1630,12.6k,8090,12.3k,57k,2370,2140,13.3k,26.2k,21.7k,19.6k,3300,11.3k,9540,8350,7630,5100,2700,1440,1310,5750,8200,1940,16.6k,1400,187,107,370,119,214,188,65,128,117,42,90,19,124,122
Lebanon,,,,,,,,,,,,,,228,0,0,0,0,0,0,0,0,0,0,0,0,0,0,0,0,0,12.6k,14.7k,2790,3080,32.5k,630,439,1760,4800,1510,1760,372,5020,2140,2630,660,446,2110,4070,1110,18k,1620,5590,1140,4920,240,407,2760,623,994,688,10.5k,1560,2240,2870,1380,908,1,220,1480,679
Liberia,,,,,,,,,,,,,,,,,,,56,0,0,0,0,0,0,0,0,0,0,0,0,0,0,0,0,0,0,30,20,736k,62.3k,153k,183k,93.8k,53.2k,39.4k,291k,128k,70.7k,23.6k,20.2k,35k,73.6k,16.5k,106k,71.6k,70.5k,17.5k,3810,1750,3310,43.3k,5920,3650,3490,3230,242,907,176,50,206,308
Libya,,,,,,,,,,,,,,,,,,,,,,,,,,,,,,7960,21,33,16,16,36,23,54,409,6,74,262,154,92,74,47,351,5,166,131,571,227,1000,86,56,188,105,338,269,4,30,3470,801,1760,2710,4050,3230,2700,2610,1370,944,1840,1300
St. Lucia,,,,,,,,,,,,,,,,,,,,,,,,,,,,,,,,,,,,,,,,,,,,,,,61,5,5,30,35,212,1,107,115,11,99,218,285,108,94,27,116,12,115,118,16,83,173,108,261,357
Liechtenstein,,,,,,,,,,,,,,,,,,,,,,,,,,,,,,,,,,,,,,,,,,,,,,,,,,23.5k,0,0,0,0,0,0,0,0,0,0,0,0,0,0,0,0,0,0,14,9,5,5
Sri Lanka,,,,,,,,,,,,,,,,,,,,,,,,,,,,,,,,,,,386,155,96,3170,4300,201k,1080,81.2k,36.3k,22.6k,6870,1990,12.7k,7310,1730,14k,1650,9170,13.2k,7810,4790,9300,19.2k,3860,8500,3630,2810,103,7530,5,2990,3280,1630,6090,2070,31.3k,5600,5340
Lesotho,,,,,,,,,,,,,,,,,,,,15.6k,60,60,0,110,200,310,90,70,0,90,10,80,0,0,0,0,0,0,5,0,0,5,55,55,0,0,0,0,0,0,6,4,0,5,9,4,7,5,12,0,153,121,402,5,426,404,677,18,11,11,3,9
Lithuania,,,,,,,,,,,,,,,,,,,,,,,,,,,,,,,,,,,,,,,,0,0,5,5,48,44,552,9,374,25,42,173,1260,172,221,51,533,544,2,60,22,6,57,284,54,32,55,16,13,18,1,32,10
Luxembourg,158,0,0,0,0,0,0,0,0,0,0,0,0,0,0,0,0,0,0,0,0,0,0,0,0,0,0,0,0,0,0,0,0,0,0,0,0,0,0,0,0,0,0,0,0,0,0,0,0,0,0,0,0,0,0,0,0,0,0,0,0,0,0,0,0,0,0,5,0,0,5,0
Latvia,,,,,,,,,,,,,,,,,,,,,,,,,,,,,,,,,,,,,,,,,,7130,0,90,63,1800,40,902,111,312,197,2480,102,401,424,1020,827,92,74,26,40,93,462,31,1,3,6,12,13,7,7,14
Morocco,1480,0,0,0,0,0,0,0,0,0,0,0,0,0,0,0,0,0,0,0,0,0,0,0,0,0,0,0,0,0,0,0,0,0,0,0,0,5,0,9,32,46,13,74,121,2,7,42,22,204,50,933,6,10,1800,1920,782,453,1170,228,331,714,1,590,2590,2160,451,2090,928,258,5310,4210
Monaco,,,,,,,,,,,,,,,,,,,,,,,,,,,,,,,,,,,,,,,,,,,,,,,,,,,,,,,10k,0,5,0,0,0,5,0,0,6,6,0,0,0,0,5,0,0
Moldova,,,,,,,,,,,,,,,,,,,,,,,,,,,,,,,,,,,,,,,,,,,5,450,69,5300,689,2390,345,1110,2370,5760,478,432,83,318,7130,608,232,177,121,140,3490,583,2060,944,913,1180,1150,364,1360,961
Madagascar,,,,,,,,,,,,,,,,,,,,,,,,,,,,,,,,,,,,,,,,,,,,5190,77,1,2,8,13,13,25,26,48,31,70,64,7,11,4,18,14,28,140,13,28,106,20,44,153,44,192,168
Maldives,,,,,,,,,,,,,,,,,,,,,,,,,,,,,,,,,,,,,,,,,,,,,,,,,,,,,,22k,5,5,0,0,0,1,5,32,1,17,30,26,5,11,23,15,0,92
Mexico,,,,,,,,,,,,,,,,,,,,580,0,0,0,0,0,0,0,0,0,0,0,0,0,0,0,0,0,0,0,0,0,0,0,248,113,159,143,348,347,13k,9720,8480,4430,7540,5650,194,5210,3270,3240,10.1k,3970,756,9620,18.4k,17.6k,17.1k,22.1k,5910,13.6k,10.9k,7210,2390
Marshall Islands,,,,,,,,,,,,,,,,,,,,,,,,,,,,,,,,,,,,,,,,,,,,,,,,,,,,,,,,,,,,,,,5,1,0,6,2,0,0,50,50,4
North Macedonia,,,,,,,,,,,,,,,,,,,,,,,,,,,,,,,,,,,,,,,,,,0,1900,1550,12.5k,158,297,10.8k,157,589,11.7k,4200,3070,1350,3500,236,367,587,202,1930,783,2290,3920,1240,6840,7590,3090,742,639,1020,2530,635
Mali,,,,,,,,,,,,,,,,,,,,,193,0,0,0,0,0,0,0,0,0,0,0,0,0,0,0,0,0,0,0,14.7k,56.5k,27.4k,74.3k,95.7k,22k,37.2k,14.3k,3320,168,129,161,161,11,184,146,4120,2630,1200,358,634,147k,7560,7860,12.6k,2040,726,3770,3890,2670,32k,14.2k
Malta,,,,,,,,,,,,,,,,,,,,,,,,,,,,,,,,,,,,,,,,,,,222k,7,6,5,4,1,8,1,10,0,2,9,5,30,20,0,0,5,0,0,0,5,5,5,5,10,5,5,3,3
Myanmar,,,,,,,,,,,,,,,,,,,,,,3160,5700,0,0,0,0,160k,160k,0,0,0,0,0,0,0,0,7,7,24,40k,205k,36.4k,77.1k,52.2k,9280,7250,2360,1750,6470,8840,3550,11.4k,9570,34.5k,23.1k,18.8k,3580,223k,8690,786,2270,83.6k,5790,17.9k,33.9k,652k,22.2k,61.3k,29.2k,77.8k,37.9k
Montenegro,,,,,,,,,,,,,,,,,,,,,,,,,,,,,,,,,,,,,,,,,,,,,,,,,,,,,,,,6810,591,610,1290,673,575,424,3300,755,1790,1820,371,126,83,101,268,49
Mongolia,,,,,,,,,,,,,,,,,,,,,,,,,,,,,,,,,,,,,,,,,,,,,,5,5,7,8,597,285,399,289,13,296,1420,342,337,383,273,83,373,257,1060,1360,386,283,242,217,17,777,112
Mozambique,,,,,,,,,,,,,,12.2k,7000,3800,6950,6000,9370,16.9k,340,3990,5400,11.2k,46.2k,34.2k,460,10,240,250,5050,15k,30k,1000,21.1k,121k,441k,286k,200k,127k,68.6k,129k,273k,938k,109k,90.9k,1000,33.6k,30,2,33,122,95,130,55,237,669,15,741,4,362,527,458,15,785,3500,6880,3600,223,56,55,48
Mauritania,,,,,,,,,,,,,,,,,,,,,,,,,,,,,,,,,,,,,11,0,48.2k,17.8k,13.9k,280,11.7k,152,16.3k,1080,12.9k,73,40.3k,1580,883,695,288,287,270,1270,1120,12.3k,6340,1550,2020,3720,1310,3020,1030,1520,419,1100,832,1180,801,2850
Mauritius,,,,,,,,,,,,,,,,,,,,,,,,,,,,,,,,,,,,,,,,,,,,,45.1k,2,10,12,7,39,7,6,16,47,13,57,14,41,4,28,78,28,21,50,61,6,50,91,32,32,35,31
Malawi,,,,,,,,,,,,,,,,816,150,160,50,60,0,0,150,20,30.3k,30.3k,990,740,150,40,350,170,200,0,10,10,10,445,0,50,5,0,7,17,23,3,3,10,7,5,1,157,1320,1520,912,3790,8120,32,8140,60,2950,1640,228,341,1850,1920,591,316,188,402,151,25
Malaysia,,,,,,,,,,,,,,,,,,,,,,,,,,,2510,0,0,0,0,0,0,0,0,0,0,0,0,0,5,0,0,78,1,23,17,1,4,236,70,208,37,98,110,138,13,12,57,12,1,26,51,662,1850,3360,3400,5840,6310,367,495,1
Namibia,,,,,,,,,,,,,,,,1.26M,50,1100,490,60,0,100,2410,10,550,5050,3910,22.8k,4820,15k,18.9k,650,60,2440,634,50,1240,865,72.9k,3170,328,187,116,68,53,1,13,1900,1200,1620,128,968,3,17,230,51,71,140,38,397,801,491,254,119,37,161,86,84,448,83,58,103
Niger,,,,,,,,,,,,,,,,,,,,,,,,,,,237k,0,0,0,0,0,0,0,0,0,0,0,0,0,0,22k,300,287,11.7k,70,7580,2370,90,225,160,491,216,141,196,50,195,25,42,18,18,83,85,170,883,78,1690,1010,715,17.5k,1630,3540
Nigeria,,,,,,,,,,,,,,,,,,30.1k,48.3k,2850,0,0,0,0,0,0,0,0,0,0,0,0,0,0,0,0,5,10,0,0,7,53,20,492,1360,2810,1710,955,442,4750,1020,22k,6850,1930,998,14.5k,2020,996,627,2310,102,4520,20.3k,68.5k,98.3k,76.8k,34.7k,30.6k,46.5k,18.2k,40.6k,22k
Nicaragua,,,,,,,,,,,,,,,,,,,,,,78,0,0,0,0,0,145k,128k,15.6k,1540,16.5k,4550,11.5k,17.6k,14.9k,990,18k,11.1k,45.1k,5830,2510,11.2k,4460,4660,1120,323,1110,818,2370,636,3590,3150,2770,2180,1760,1410,722,96,323,22,45,390,261,408,828,655,29.7k,37.3k,459,104k,61.9k
Netherlands,19k,0,0,0,0,0,0,0,0,0,0,0,0,0,0,0,0,0,0,0,0,0,0,0,0,0,0,0,0,0,0,0,0,0,0,0,0,0,0,0,0,0,0,75,11,11,20,20,28,117,54,27,9,32,35,116,13,5,2,4,30,6,13,19,16,45,29,29,25,23,17,8
Norway,399,0,0,0,0,0,0,0,0,0,0,0,0,0,0,0,0,0,0,0,0,0,0,0,0,0,0,0,0,0,0,0,0,0,0,0,0,0,0,0,0,0,0,0,0,0,0,0,0,0,0,5,0,5,2,12,5,5,5,5,10,0,10,5,0,10,15,24,0,4,8,2
Nepal,,,,,,,,,,,,,,21,0,0,0,0,0,0,0,0,0,0,0,0,0,0,0,0,0,0,0,0,0,0,0,0,0,0,0,0,0,5,22,17,5,46,83,493,179,655,452,766,1760,597,426,782,617,143,1810,1260,1770,3310,2830,1880,1710,3940,310,182,566,687
Nauru,,,,,,,,,,,,,,,,,,,,,,,,,,,,,,,,,,,,,,,,,,,,,,,,,1450,0,5,0,5,5,0,0,0,0,0,0,5,5,0,0,0,0,0,0,15,6,0,0
New Zealand,,,,,,,,,,,,,,,,,159,0,0,0,0,0,0,0,0,0,0,0,0,0,0,0,0,0,0,0,0,0,0,0,0,0,0,0,0,0,0,0,0,0,5,0,0,0,5,2,5,4,4,2,8,6,4,6,4,20,18,13,13,6,35,24
Oman,,,,,,,,,,,,,,,,,,,,,,,,,,,,,,,,,,,,,,,,,,,,21,4,1,0,0,0,3,1,14,19,11,6,27,12,6,13,0,10,4,42,14,18,7,2,9,31,16,7,9
Pakistan,,,,,,,,,,,,,,,,,,,,,,,,,,,,,133,0,0,0,0,0,0,0,0,274,135,76,38,565,332,3010,846,2220,1520,877,1150,9320,3000,14.2k,6690,510,4610,13.9k,8050,1810,1250,20.1k,10.3k,23.9k,22.7k,284k,18.5k,189k,32.7k,1790,4440,8440,5200,8040
Panama,,,,,,,,,,,,,,,,,,,,,,3.53M,0,0,0,0,0,0,0,0,0,0,0,0,0,0,0,47,318,264,11,12,25,191,328,12,23,37,13,47,12,44,34,10,8,10,44,8,1,2,16,9,12,15,10,7,48,23,100,100,245,236
Peru,,,,,,,,,,,,,,,,,,,,1240,0,0,0,0,0,0,0,0,0,0,0,0,0,0,0,0,0,5,21,229,218,254,1240,2370,1570,793,87,457,140,2180,133,762,1670,1480,370,2400,1890,965,2250,1480,4610,443,85,96,241,232,1200,1390,3960,1980,850,5760
Philippines,,,,,,,,,,,,,,,,,,,,,,,,,18.3k,0,90k,2000,2000,0,0,0,10k,0,10k,0,0,0,0,90k,4,30,66,324,80,84,73,45.1k,85,1810,22,318,45.4k,833,82,353,623,50,475,163,314,56,238,183,691,1080,4980,4200,960,172,588,39
Palau,,,,,,,,,,,,,,,,,,,,,,,,,,,,,,,,,,,,,,,,,,,,,,,,,,,,,,,,,,,181k,0,0,0,5,5,0,0,5,,,,,
Papua New Guinea,,,,,,,,,,,,,,,,,,,,,,,,,,,,866,0,0,0,0,0,0,0,0,0,0,0,0,0,0,0,0,2000,6,1200,590,210,0,0,11,1,6,25,4,18,3,25,51,42,83,110,133,35,129,116,91,155,136,17,6
Poland,,,,,,,,,,,,,,,,,,,,5940,0,10,40,30,10,10,50,50,50,471,34,270,14,233,661,553,373,21.8k,194,2560,3990,7130,1130,22.5k,16.2k,6860,5580,5410,642,170,2660,13.5k,1420,4860,8990,6370,10.8k,488,313,386,249,196,262,133,128,27,183,90,20,15,19,35
North Korea,,,,,,,,,,,,,,,,,,,,,,,,,,,,,,,,,,,,,,,,,,,,,,489k,10,5,5,55,1,260,21,61,54,135,345,260,91,180,413,553,46,595,191,628,182,820,73,93,141,237
Portugal,,,,,,,,,,,,,,,,,,,,,,,,,1980,0,0,0,0,0,0,0,0,0,0,0,0,0,0,0,0,0,0,25,2,195,5,192,5,81,63,451,165,191,59,126,0,2,8,13,7,15,14,3,28,9,86,78,98,24,78,96
Paraguay,,,,,,,,,,,,,,,,,,,1150,0,0,0,0,0,0,0,0,0,0,0,0,0,0,0,0,0,0,0,0,19,11,2,5,49,13,6,26,3,4,16,8,42,14,8,3,66,4,14,22,3,3,11,5,2,34,30,67,99,365,271,240,12
Palestine,,,,,,,,,,,,,,,,,,,,,,,,,,1.05M,28.3k,31.8k,30k,29.6k,21.4k,41.5k,33.6k,29.1k,67.1k,57.6k,10k,44.1k,47.2k,46.2k,120k,104k,110k,120k,96.9k,84.4k,59.3k,65.1k,91.2k,94.5k,305k,129k,22.7k,48.2k,66.4k,29.9k,67.9k,65.8k,199k,33.3k,52.8k,74.1k,62.2k,64.6k,40.1k,46.4k,50.7k,55.3k,26.6k,49.3k,38k,27.8k
Qatar,,,,,,,,,,,,,,,,,,,,,,,,,,,,,,561,0,0,0,0,0,0,0,0,0,0,0,0,0,49,19,13,1,3,15,25,2,11,12,18,1,42,4,12,2,45,16,28,113,13,5,15,22,7,9,1,11,12
Romania,,,,,,,,,,,,,,,,,,,,6,40,30,0,20,0,70,0,60,60,772,82,303,54,249,1240,1180,866,18.4k,25.7k,5300,24.1k,2060,1550,1290,5300,5110,2920,1970,2360,1250,950,2270,587,3170,5250,4080,2690,728,370,528,347,475,70,554,180,607,751,942,146,199,806,1650
Russia,,,,,,,,,,,,,,7400,120,18k,18k,0,0,170,10,10,40,30,10,10,10,0,50,10.8k,741,7,5,3,5,1360,1540,25k,34.9k,49.2k,37.8k,58.2k,29.5k,8080,44.4k,33.3k,24.3k,25.3k,144k,22.6k,8920,51.4k,6210,3650,3760,61.1k,67.6k,7960,3980,326,789,4220,25.6k,5530,225,3610,2120,4480,5910,13.5k,14.4k,13.7k
Rwanda,,,,,,,,,,,21.8k,0,7000,12.3k,10.4k,3700,630,130,15.2k,2880,420,12k,9950,14.7k,2540,690,6630,5330,1430,110k,9640,50.9k,6190,35.4k,19.4k,4610,18.5k,25.9k,8040,41.8k,69.9k,3490,15.7k,1.81M,438k,1.35M,401k,9740,11.2k,54.9k,33.4k,24.1k,887,16.3k,47k,14.5k,12.4k,10.6k,55.3k,8080,9730,8450,15.2k,3030,208k,448,26k,10.5k,892,296,9310,412
Saudi Arabia,,,,,,,,,,,,,,,,,,,,,,,,25,0,0,0,0,0,0,0,0,0,0,0,0,0,0,0,0,0,0,5,175,81,17,114,4,129,115,58,33,122,36,84,440,116,34,61,62,102,116,185,229,251,677,542,462,203,121,456,156
Sudan,,,,,,,,,,,,,12.8k,7300,61.3k,33.4k,5990,54.5k,5100,2560,1630,42.9k,115k,1280,770,400,250,0,0,0,5500,0,25.6k,149k,795,48.1k,120k,94.1k,91.6k,85.1k,328k,71.5k,126k,11.3k,40.1k,30k,111k,25.4k,95.4k,28k,3690,13.1k,90k,130k,35.5k,4160,160k,105k,52.2k,25.9k,120k,59k,86.9k,24.7k,32k,30.9k,45.9k,45.5k,14.6k,51.1k,42.6k,27k
Senegal,,,,,,,,,,,,,3550,0,0,0,0,0,0,0,0,0,0,0,0,0,0,0,0,0,0,0,0,0,0,0,0,5,15k,45k,34.9k,9670,7130,3030,8030,43,467,7450,1890,393,2210,3060,3670,691,626,5880,395,38,110,855,859,2730,3130,7330,3740,3790,12.4k,16.1k,3080,2770,2820,33
Singapore,,,,,,,,,,,,,,,,,,,,,,,,,,,,12.8k,0,0,0,0,0,0,0,0,0,8,3,5,0,0,0,8,0,10,2,1,3,14,4,26,5,4,6,62,12,12,30,5,1,6,2,5,9,10,18,13,11,16,23,6
Solomon Islands,,,,,,,,,,,,,,,,,,,,,,,,,,,,,,,,,,,,,,,,,,,,,2,0,0,0,0,23,1,4,16,5,34,26,6,18,14,10,2,12,5,20,18,42,13,15,83,43,48,138
Sierra Leone,,,,,,,,,,,,,,,,,,,9,0,0,0,0,0,0,0,0,0,0,0,0,0,0,0,0,0,0,8,0,0,143k,111k,57.6k,35.9k,104k,4390,45.8k,76.7k,84k,80.4k,221k,39.2k,71.5k,27.6k,3520,2080,11.7k,1640,16.8k,5680,3480,692,798,440,247,966,1380,1540,292,1560,1820,493
El Salvador,,,,,,,,,,,,,,,,,,,,,,49.4k,0,0,0,0,0,0,0,91.6k,213k,62.4k,2200,1600,62.4k,8820,4180,1210,127k,9560,3030,2190,4730,4610,7200,3900,2520,4530,183,172k,12.1k,13.9k,23.9k,38k,46.8k,14.3k,10.5k,8330,1510,8280,1840,1460,11.1k,8110,17.2k,35.6k,49k,21.1k,26.3k,17.1k,10.1k,1260
San Marino,,,,,,,,,,,,,,,,,,,,,,,,,,,,,,,,,,,,,,,,,,,,,,,,226,0,0,5,5,5,0,5,,,,,,,,,,,,,,,,,
Somalia,,,,,,,,,,,,,,,,,,,,,,,,,380,60,10,30,0,44,100,84,79,600,1190,1310,57k,292k,8320,110k,262k,79.6k,238k,56.8k,7280,1710,28.9k,50.1k,33.3k,37k,31.3k,10.1k,29.1k,7300,16.2k,60k,12.3k,108k,118k,93.6k,315k,62.1k,13k,1930,24.3k,107k,28.1k,39.2k,50.8k,88.5k,29.9k,19.7k
Serbia,,,,,,,,,,,,,,,32.6k,0,0,0,130,20,10,10,0,10,0,120,0,4200,4200,270,56,37,20,66,0,19,30,57,3,1650,44.1k,44.3k,31.8k,3280,31.1k,17.8k,2690,8640,57.2k,23.2k,696,150k,34.6k,64.2k,38.5k,15.1k,13.2k,20.7k,7310,8460,22.4k,1520,104k,20k,609,33.3k,12.6k,3980,3360,1630,1360,1960
South Sudan,,,,,,,,,,,,,,,,,,,,,,,,,,,,,,,,,,,,,,,,,,,,,,,,,,,,,,,,,,,,,1040,106k,39.5k,475k,163k,660k,1M,148k,57.6k,46.8k,174k,232
Sao Tome and Principe,,,,,,,,,,,,,,,,,,,,,,,,,,,,,,,,,,,45,50,0,0,0,0,0,0,0,28,4,15,5,3,10,0,6,6,0,5,13,7,2,0,0,0,0,1,0,2,5,5,15,2,1,6,20,6
Suriname,,,,,,,,,,,,,,,,,,,,,,,,,,,,,,,,,,,,,,,921k,19,699,3380,1650,21,98,63,91,172,78,31,89,148,45,25,28,38,14,10,5,22,7,5,2,29,5,27,20,18,10,74,23,19
Slovak Republic,,,,,,,,,,,,,,,,,,,,,,,,,,,,,,,,,,,,,,,,,,,128,12,12,33,12,74,35,834,149,439,232,240,158,35,580,19,222,103,228,46,135,77,223,506,240,4,34,3,20,823
Slovenia,,,,,,,,,,,,,,,,,,,,,,,,,,,,,,,,,,,,,,,,,,774,28.4k,13.6k,1970,9490,45,115,6,4,2510,97,248,42,418,1600,1710,5,10,1,13,7,6,8,1,1,1,2,5,12,5,5
Sweden,225,0,0,0,0,0,0,0,0,0,0,0,0,0,0,0,0,0,0,0,0,0,0,0,0,0,0,0,0,0,0,0,0,0,0,0,0,0,0,0,0,0,0,11,14,12,2,0,9,8,9,29,17,22,48,52,11,8,3,24,10,21,34,0,5,3,2,13,3,5,9,29
Eswatini,,,,,,,,,,,,,,,,,,,,159,0,0,0,0,0,0,0,0,0,0,0,0,0,0,0,0,0,0,0,0,0,0,0,11,4,1,1,12,2,11,4,5,15,6,1,4,64,38,42,1,88,55,24,42,81,11,90,14,36,42,34,20
Seychelles,,,,,,,,,,,,,,,,,,,,,,,,,,,,,,,,,,,,,,36.4k,0,9,9,15,25,526,214,201,106,6,8,7,3,31,21,7,10,19,4,3,11,7,8,9,6,11,4,24,0,0,6,6,1,5
Syria,,,,,,,,,,,,,,,,,,1170,0,1200,0,0,0,0,0,0,0,0,500,0,5,0,21,3,2070,2070,514,861,484,1750,889,1370,1000,1680,908,616,42,521,1440,2910,884,14.5k,1190,847,1820,3570,713,651,2290,4720,6180,721k,1.75M,1.46M,1.15M,590k,749k,336k,60.3k,76.3k,179k,32.6k
Chad,,,,,,,,,,,,,,,,,,,,750k,500,100,0,1500,0,0,0,0,10k,211k,13.3k,217k,265,165k,30.8k,42.1k,23.2k,16.1k,4930,58.9k,112k,5940,147k,955,152k,1280,3420,6270,2500,1420,8100,502,4810,598,3690,11.8k,18.6k,58,1120,931,10.6k,2310,9030,930,33.3k,834,2080,4130,1200,114,2730,819
Togo,,,,,,,,,,,399,0,0,0,0,0,0,0,0,0,0,0,0,0,0,0,0,0,0,0,0,0,0,0,5,0,0,0,0,0,12,88,291k,123k,74.7k,67.6k,18.4k,3680,195,1600,1020,6900,3110,56,42.3k,24.7k,10.1k,5930,1470,9,1500,2130,6890,847,60,39,936,302,161,380,65,686
Thailand,,,,,,,,,,,,,,,,,,,,,,,,,2600,0,0,0,0,0,0,0,0,0,0,0,0,0,0,18,11,4,0,102,74,73,14,22,25,37,106,346,142,40,228,2890,839,468,1330,322,28,10,157,240,409,55,400,1480,729,230,523,231
Tajikistan,,,,,,,,,,,,,,,,,,,,,,,,,,,,,,,,,,,,,,,,,,6.9M,10.1k,13k,1820,48.5k,31.6k,19.5k,11.2k,15.4k,4070,6980,4350,2200,2030,54.1k,215,299,135,81,78,139,147,299,681,1890,856,99,239,30,243,1020
Turkmenistan,,,,,,,,,,,,,,,,,,,,,,,,,,,,,,,,,,,,,,,,,,,154k,7,38,2890,243,1620,511,737,27,580,74,0,7,153,34,44,34,41,11,52,14,394,438,211,40,241,667,29,202,1280
Timor-Leste,,,,,,,,,,,,,,,,,,,,,,,,,,,,,,,,,,,,,,,,,,,,,,,,,159k,40.3k,49.2k,44.5k,28.5k,89,30,8,253,1,0,1,0,6,4,2,4,5,1,4,36,277,44,20
Tonga,,,,,,,,,,,,,,,,,,,,,,,,,,,,,,,,,,,,,,,,,,,,,,10.3k,0,5,0,27,20,25,23,31,12,13,5,12,0,11,13,22,27,24,17,18,38,62,249,311,82,163
Trinidad and Tobago,,,,,,,,,,,,,,,,,,,,,,,,,,,,,,,,,,,,,,,,,,,,995,0,5,3,5,1,117,54,161,29,117,60,39,76,84,41,112,1,26,38,81,20,28,77,15,87,6,84,83
Tunisia,876,0,0,0,0,0,0,0,0,0,0,0,0,0,0,0,0,0,0,0,0,0,0,0,0,0,0,0,0,0,0,0,5,1,0,0,0,1,0,33,21,27,18,102,119,83,293,228,305,335,189,1220,43,78,623,284,371,136,39,29,832,669,1050,114,625,134,407,578,2,271,1750,2990
Turkey,9200,0,0,0,0,0,0,0,0,0,0,0,0,0,0,0,0,0,0,0,0,250,250,0,0,0,70,10,0,60,0,300,240,500,230,40,235,935,2610,2740,944,3640,6680,12.1k,16k,5490,3020,2320,1010,13.4k,3030,146k,12.6k,13.8k,2010,57.6k,8310,8210,67.2k,1370,7630,2440,67.1k,2040,3450,9530,14k,16.6k,18.4k,8070,13.1k,2530
Tuvalu,,,,,,,,,,,,,,,,,,,,,,,,,,,,,,,,,,,,,,,,,,,,,2560,0,0,0,0,0,0,0,0,0,5,5,5,0,0,0,0,5,,,,,,,,,,
Tanzania,,,,,,,,,,,5450,0,0,0,0,0,0,0,0,0,0,0,0,320,320,90,210,0,300,300,2700,2500,0,0,500,0,2000,2000,5,0,3,6,13,30,7,3,7,41,17,994,65,1890,1200,1060,1460,4910,2290,4,2770,66,378,209,134,151,488,593,316,272,276,69,4,7
Uganda,,,,,,,,,,,5,0,0,0,0,0,0,0,0,0,0,0,950,1680,120,740,4750,820,79.9k,136k,47.6k,94.6k,44.1k,21.4k,12.1k,67.4k,128k,89.1k,617,37.5k,19.4k,6930,950,1960,7290,4170,26.9k,41.9k,635,19.5k,7620,1370,4390,2900,3350,15.4k,1380,13.8k,2220,1090,278,1040,3260,5,812,1180,5010,1430,744,450,527,268
Ukraine,,,,,,,,,,,,,,,,,,,,,,,,,,,,,,,,,,,,,,,,,,19.9k,94,784,785,4400,242,1750,7640,10.1k,10.3k,57.5k,6860,4770,5340,19.7k,38.8k,1920,4270,310,59,46,19.7k,246k,91k,70k,96.4k,52k,37.4k,31.3k,9590,5.43M
Uruguay,,,,,,,,,,,,,,,,,,,,2630,0,0,0,3000,2430,590,1160,0,0,24,0,501,500,140,372,490,8,6,170,640,242,170,267,199,100,61,115,15,36,174,146,214,30,395,35,42,12,22,3,9,10,23,35,5,15,20,60,24,116,124,243,25
USA,503,0,0,0,0,0,0,0,0,0,0,0,0,0,0,0,0,0,0,0,0,0,0,0,0,0,0,0,0,0,0,0,0,0,0,0,0,0,0,0,8,0,2,354,121,102,66,25,12,221,71,286,123,22,214,812,1520,602,56,75,481,505,167,106,75,4480,1920,660,71,397,752,542
Uzbekistan,,,,,,,,,,,,,,,,,,,,,,,,,,,,,,,,,,,,,,,,,,,668,29.1k,28.9k,69.6k,677,17.3k,6200,41.5k,116,4300,504,294,1160,1460,3750,642,103,2220,3720,1150,6290,36,91,55,35,936,337,64,323,1820
St. Vincent and the Grenadines,,,,,,,,,,,,,,,,,,,,,,,,,,,,,,,,,,,,,,,,,,,,184,0,6,0,11,12,90,115,350,67,130,238,72,444,344,427,74,38,230,43,23,85,400,19,133,258,276,228,317
Venezuela,,,,,,,,,,,,,,,,,,,440,0,0,0,0,0,0,0,0,0,0,0,0,0,0,0,0,0,0,0,0,0,0,5,130,235,108,80,48,38,14,87,157,506,1310,1320,1460,791,652,479,468,464,822,555,850,3280,9710,30.1k,105k,2.92M,1.39M,415k,692k,1.02M
Vietnam,,,,,,,,,,,,,,6.58M,5000,2000,3000,2000,0,2000,20k,0,0,0,2110,1890,10.4k,110k,273k,50.4k,34.4k,12.8k,3060,304,1480,51,951,115k,16.6k,39.1k,2290,18.8k,10.5k,11.5k,4440,25.2k,41.5k,41.4k,30.1k,33.1k,15.6k,19.1k,11.4k,13.5k,9100,16.1k,46.5k,336,10.6k,660,698,802,22.2k,444,973,16.4k,7300,1140,15.5k,1630,1910,302k
Vanuatu,,,,,,,,,,,,,,,,,,,,,,,,,,,,,,,,,,,,,,,,,,,,,,,,,,,,,,,,,,9780,0,0,0,0,0,0,0,0,14,38,23,83,14,268
Samoa,,,,,,,,,,,,,,,,,,,,,,,,,,,,,,,,,,,,,,,,,,,,,,,,,,,271k,1,5,0,0,0,0,5,5,0,0,11,4,0,2,1,1,31,42,49,32,66
Yemen,,,,,,,,,,,,,,,,,,,,,,,,,,,26.1k,15k,0,0,15k,0,0,0,0,100k,30k,7000,0,77k,69,43,6,114,215,788,567,207,93,931,233,491,166,125,204,18,212,301,301,155,789,690,118,1060,20.6k,8340,13.9k,18.8k,3830,3550,5770,4600
South Africa,,,,,,,,,,,,,,,,856k,60,290,450,170,390,60,150,440,20,820,215,1450,3440,17k,650,3530,6090,4040,450,4890,7070,1240,7770,2350,3580,1960,154,7570,1020,206,45,57,6,76,43,144,105,245,391,238,68,5,45,42,38,12,142,177,338,236,542,812,399,424,495,3
Zambia,,,,,,,,,,,,,,,77.7k,0,0,15k,2000,4000,8250,0,0,3250,3250,0,750,0,1000,210,10,0,0,1200,0,0,0,0,0,0,0,1990,417,1560,7,17,23,13,11,122,50,98,99,137,132,360,420,3,434,16,153,68,40,78,159,211,126,96,198,9,17,67
Zimbabwe,,,,,,,,,,,,,,,,,,,,,,,,,13.9k,16.5k,45.3k,86.6k,34.5k,197k,30,190,3200,560,490,1020,600,3200,624,0,123,120,6,24,1,1,1,3,0,273,2640,2230,5440,8330,9620,14.6k,34.7k,2920,27.8k,1250,36.6k,2090,2260,3360,13.8k,17.4k,22.2k,6440,6520,3030,1560,155
