Country,Year,Dis_Aff,Dis_Ded,Dis_Inj,Dis_Hom,Dis_Total,Dis_Recon,Dis_InsdDmg,Dis_TotEconDmg,Dis_Ded%,Dis_Inj%,Dis_Aff/100k,2011 Refugees,Dis_Total_Rounded,2011_Refugees_Rounded
Algeria,1910,0.0,1.2,0.0,0.0,0.0,,,,0.022205589,0.0,0.0,6090.0,0.0,0.0203
Algeria,1920,0.0,300.0,0.0,0.0,0.0,,,,4.530585302,0.0,0.0,6090.0,0.0,0.0203
Algeria,1930,0.0,0.0,0.0,0.0,0.0,,,,0.0,0.0,0.0,6090.0,0.0,0.0203
Algeria,1940,0.0,27.6,0.0,0.0,0.0,,,,0.328243732,0.0,0.0,6090.0,0.0,0.0203
Algeria,1950,0.0,127.5,500.0,12925.0,13425.0,,,,1.334746708,5.230125523,0.0,6090.0,0.0134,0.0203
Algeria,1960,33240.0,22.2,61.4,2935.0,36236.4,0.0,0.0,2500.0,0.1739609,0.468001166,247.9157714,6090.0,0.0362,0.0203
Algeria,1970,13500.0,3.2,0.0,6100.0,19600.0,0.0,0.0,4000.0,0.020178849,0.0,82.57784905,6090.0,0.0196,0.0203
Algeria,1980,51270.0,284.6,868.1,45967.0,98105.1,0.0,0.0,520200.0,1.468525183,4.485485484,263.5599833,6090.0,0.0981,0.0203
Algeria,1990,1595.0,33.3,63.7,5160.0,6818.7,0.0,0.0,6182.9,0.117555563,0.220136546,5.688215406,6090.0,0.0068,0.0203
Algeria,2000,19546.0,366.6,1142.1,20450.0,41138.1,0.0,0.0,570101.7,1.139168606,3.539511393,58.75489837,6090.0,0.0411,0.0203
Algeria,2010,28595.0,11.1,58.9,0.0,28653.9,0.0,0.0,77900.0,0.029025826,0.152455367,68.29708896,6090.0,0.0287,0.0203
Angola,1980,258000.0,0.0,0.0,0.0,258000.0,0.0,0.0,0.0,0.0,0.0,2340.462302,129000.0,0.258,0.43
Angola,1990,10500.0,0.0,0.0,0.0,10500.0,0.0,0.0,0.0,0.0,0.0,70.60247445,129000.0,0.0105,0.43
Angola,2000,80832.8,39.9,1.6,3281.5,84115.9,0.0,0.0,1000.0,0.212612368,0.009659911,410.9462348,129000.0,0.0841,0.43
Angola,2010,350558.8,44.2,3.1,9441.5,360003.4,0.0,0.0,200.0,0.162507086,0.013272821,1308.245985,129000.0,0.36,0.43
Benin,1960,11500.0,0.0,0.0,0.0,11500.0,0.0,0.0,0.0,0.0,0.0,403.3672396,460.0,0.0115,0.0015
Benin,1970,400.0,0.2,20.0,300.0,720.0,0.0,0.0,20.0,0.005675369,0.56753689,11.3507378,460.0,0.0007,0.0015
Benin,1980,301300.0,6.1,0.0,22600.0,323900.0,0.0,0.0,545.1,0.142556672,0.0,7874.409882,460.0,0.3239,0.0015
Benin,1990,77490.1,3.7,0.0,5929.5,83419.6,0.0,0.0,331.5,0.062242584,0.0,1231.868407,460.0,0.0834,0.0015
Benin,2000,28869.2,3.5,0.0,88.4,28957.6,0.0,0.0,0.0,0.040254078,0.0,328.4334282,460.0,0.029,0.0015
Benin,2010,77357.5,5.1,100.0,15275.9,92733.4,0.0,0.0,0.0,0.055116355,1.087074682,834.6341512,460.0,0.0927,0.0015
Botswana,1960,12000.0,0.0,0.0,0.0,12000.0,0.0,0.0,100.0,0.0,0.0,2076.453697,88.0,0.012,0.0003
Botswana,1970,8860.0,0.0,0.0,0.0,8860.0,0.0,0.0,205.0,0.0,0.0,1409.896962,88.0,0.0089,0.0003
Botswana,1980,104930.0,0.8,0.7,0.0,104930.7,0.0,0.0,0.0,0.066666667,0.058333333,11253.76344,88.0,0.1049,0.0003
Botswana,1990,10350.0,2.0,0.0,200.0,10550.0,0.0,0.0,0.0,0.136147039,0.0,800.8265088,88.0,0.0106,0.0003
Botswana,2000,11679.2,0.3,0.0,3200.0,14879.2,0.0,0.0,500.0,0.018259282,0.0,703.858805,88.0,0.0149,0.0003
Botswana,2010,4968.5,1.2,0.0,0.0,4968.5,0.0,0.0,4400.0,0.058167717,0.0,218.8214129,88.0,0.005,0.0003
Burkina Faso,1910,0.0,0.0,0.0,0.0,0.0,,,,0.0,0.0,0.0,1260.0,0.0,0.0042
Burkina Faso,1920,0.0,0.0,0.0,0.0,0.0,,,,0.0,0.0,0.0,1260.0,0.0,0.0042
Burkina Faso,1930,0.0,0.0,0.0,0.0,0.0,,,,0.0,0.0,0.0,1260.0,0.0,0.0042
Burkina Faso,1940,0.0,0.0,0.0,0.0,0.0,,,,0.0,0.0,0.0,1260.0,0.0,0.0042
Burkina Faso,1950,0.0,0.0,0.0,0.0,0.0,,,,0.0,0.0,0.0,1260.0,0.0,0.0042
Burkina Faso,1960,97500.0,0.0,0.0,0.0,97500.0,0.0,0.0,0.0,0.0,0.0,1763.748191,1260.0,0.0975,0.0042
Burkina Faso,1970,44200.0,0.0,0.0,90.0,44290.0,0.0,0.0,0.0,0.0,0.0,704.4947402,1260.0,0.0443,0.0042
Burkina Faso,1980,147482.4,1.6,0.0,1057.2,148539.6,0.0,0.0,0.0,0.019147918,0.0,2101.292308,1260.0,0.1485,0.0042
Burkina Faso,1990,276359.0,2.8,0.0,76.0,276435.0,0.0,0.0,0.0,0.02772784,0.0,3113.092673,1260.0,0.2764,0.0042
Burkina Faso,2000,25964.0,6.7,109.1,5441.2,31514.3,600.0,0.0,15000.0,0.046514644,0.723932473,176.3010177,1260.0,0.0315,0.0042
Burkina Faso,2010,705232.4,6.1,10.2,2803.2,708045.8,0.0,0.0,3117.6,0.035790787,0.056201278,4170.156518,1260.0,0.708,0.0042
Burundi,1980,360.0,1.2,0.0,0.0,360.0,0.0,0.0,0.0,0.022611645,0.0,6.783493499,101000.0,0.0004,0.3367
Burundi,1990,68081.0,0.6,0.0,0.0,68081.0,0.0,0.0,0.0,0.009573959,0.0,1086.341152,101000.0,0.0681,0.3367
Burundi,2000,244146.5,15.9,1.6,6342.5,250490.6,0.0,0.0,0.0,0.213491378,0.020356764,3273.187299,101000.0,0.2505,0.3367
Burundi,2010,6848.5,24.7,27.2,1768.0,8643.7,0.0,0.0,1500.0,0.241741075,0.275389323,61.94453455,101000.0,0.0086,0.3367
Cameroon,1970,40000.0,0.0,0.0,0.0,40000.0,0.0,0.0,150.0,0.0,0.0,597.9073244,15100.0,0.04,0.0503
Cameroon,1980,1100.0,178.5,43.7,0.0,1143.7,0.0,0.0,0.0,1.719377155,0.42039442,10.52294416,15100.0,0.0011,0.0503
Cameroon,1990,18940.0,3.2,0.0,171.0,19111.0,0.0,0.0,0.0,0.02206289,0.0,160.3129486,15100.0,0.0191,0.0503
Cameroon,2000,2450.0,7.2,1.7,1287.9,3739.6,0.0,0.0,0.0,0.042745024,0.009076348,12.78787932,15100.0,0.0037,0.0503
Cameroon,2010,32569.5,9.9,9.5,3498.0,36077.0,0.0,0.0,200.0,0.041833902,0.046703702,143.6020337,15100.0,0.0361,0.0503
Cabo Verde,1900,0.0,1100.0,0.0,0.0,0.0,,,,968.5656423,0.0,0.0,22.0,0.0,0.0001
Cabo Verde,1910,0.0,0.0,0.0,0.0,0.0,,,,0.0,0.0,0.0,22.0,0.0,0.0001
Cabo Verde,1920,0.0,2400.0,0.0,0.0,0.0,,,,1769.911504,0.0,0.0,22.0,0.0,0.0001
Cabo Verde,1930,0.0,0.0,0.0,0.0,0.0,,,,0.0,0.0,0.0,22.0,0.0,0.0001
Cabo Verde,1940,0.0,5000.0,0.0,0.0,0.0,,,,2987.149499,0.0,0.0,22.0,0.0,0.0001
Cabo Verde,1950,0.0,0.0,0.0,0.0,0.0,,,,0.0,0.0,0.0,22.0,0.0,0.0001
Cabo Verde,1960,0.0,0.0,0.0,0.0,0.0,0.0,0.0,0.0,0.0,0.0,0.0,22.0,0.0,0.0001
Cabo Verde,1970,0.0,0.0,0.0,0.0,0.0,0.0,0.0,0.0,0.0,0.0,0.0,22.0,0.0,0.0001
Cabo Verde,1980,760.0,3.2,12.2,0.0,772.2,0.0,0.0,300.0,1.049753235,4.149659864,251.1671335,22.0,0.0008,0.0001
Cabo Verde,1990,1130.0,0.0,0.6,500.0,1630.6,0.0,0.0,0.0,0.0,0.155440415,275.8095071,22.0,0.0016,0.0001
Cabo Verde,2000,3015.0,0.3,0.0,0.0,3015.0,0.0,0.0,0.0,0.061601643,0.0,680.2809851,22.0,0.003,0.0001
Cabo Verde,2010,7250.0,0.9,0.0,0.0,7250.0,0.0,0.0,110.0,0.171428571,0.0,1351.800723,22.0,0.0073,0.0001
Central African Republic,1970,1300.0,0.0,0.0,0.0,1300.0,0.0,0.0,0.0,0.0,0.0,68.60158311,163000.0,0.0013,0.5433
Central African Republic,1980,90.0,0.0,5.0,90.0,185.0,0.0,0.0,12.5,0.0,0.220848057,3.975265018,163000.0,0.0002,0.5433
Central African Republic,1990,3804.2,0.7,0.0,3857.6,7661.8,0.0,0.0,0.0,0.021160822,0.0,110.9146605,163000.0,0.0077,0.5433
Central African Republic,2000,1513.7,1.3,0.7,5792.8,7307.2,0.0,0.0,0.0,0.032345534,0.017335315,35.35522195,163000.0,0.0073,0.5433
Central African Republic,2010,7635.2,0.5,6.5,387.0,8028.7,0.0,0.0,0.0,0.011327026,0.146130107,168.414628,163000.0,0.008,0.5433
Chad,1910,0.0,0.0,0.0,0.0,0.0,,,,0.0,0.0,0.0,42600.0,0.0,0.142
Chad,1920,0.0,0.0,0.0,0.0,0.0,,,,0.0,0.0,0.0,42600.0,0.0,0.142
Chad,1930,0.0,0.0,0.0,0.0,0.0,,,,0.0,0.0,0.0,42600.0,0.0,0.142
Chad,1940,0.0,0.0,0.0,0.0,0.0,,,,0.0,0.0,0.0,42600.0,0.0,0.142
Chad,1950,0.0,0.0,0.0,0.0,0.0,,,,0.0,0.0,0.0,42600.0,0.0,0.142
Chad,1960,90000.0,0.0,0.0,0.0,90000.0,0.0,0.0,8300.0,0.0,0.0,2522.421525,42600.0,0.09,0.142
Chad,1970,0.0,1.3,10.0,0.0,10.0,0.0,0.0,0.0,0.030552291,0.235017626,0.0,42600.0,0.0,0.142
Chad,1980,154865.0,305.4,4.8,50.0,154919.8,0.0,0.0,15.7,6.742591326,0.085867621,3410.025538,42600.0,0.1549,0.142
Chad,1990,82484.9,4.1,1.4,8634.3,91120.6,0.0,0.0,0.0,0.066195604,0.022738347,1148.621409,42600.0,0.0911,0.142
Chad,2000,356388.3,18.7,14.5,1224.5,357627.3,0.0,0.0,100.0,0.196958865,0.134035866,3373.765469,42600.0,0.3576,0.142
Chad,2010,424543.3,9.6,3.7,0.0,424547.0,0.0,0.0,1000.0,0.068331667,0.023201856,3109.102554,42600.0,0.4245,0.142
Comoros,1900,0.0,1.7,0.0,0.0,0.0,,,,1.555352242,0.0,0.0,420.0,0.0,0.0014
Comoros,1910,0.0,0.0,0.0,0.0,0.0,,,,0.0,0.0,0.0,420.0,0.0,0.0014
Comoros,1920,0.0,0.0,0.0,0.0,0.0,,,,0.0,0.0,0.0,420.0,0.0,0.0014
Comoros,1930,0.0,0.0,0.0,0.0,0.0,,,,0.0,0.0,0.0,420.0,0.0,0.0014
Comoros,1940,0.0,0.0,0.0,0.0,0.0,,,,0.0,0.0,0.0,420.0,0.0,0.0014
Comoros,1950,0.0,50.0,0.0,0.0,0.0,,,,30.67484663,0.0,0.0,420.0,0.0,0.0014
Comoros,1960,0.0,0.0,0.0,0.0,0.0,0.0,0.0,0.0,0.0,0.0,0.0,420.0,0.0,0.0014
Comoros,1970,2000.0,0.1,0.0,500.0,2500.0,0.0,0.0,0.0,0.036231884,0.0,724.6376812,420.0,0.0025,0.0014
Comoros,1980,6500.0,5.9,5.2,5000.0,11505.2,0.0,0.0,4280.4,1.67508566,1.547619048,1878.772636,420.0,0.0115,0.0014
Comoros,1990,0.0,0.0,0.0,20.0,20.0,0.0,0.0,0.0,0.0,0.0,0.0,420.0,0.0,0.0014
Comoros,2000,28650.0,0.3,0.0,30.0,28680.0,0.0,0.0,0.0,0.046057551,0.0,4677.669978,420.0,0.0287,0.0014
Comoros,2010,42962.9,1.2,33.0,0.0,42995.9,0.0,0.0,500.0,0.149255669,4.186981841,5210.26584,420.0,0.043,0.0014
"Congo, Republic of the",1960,50.0,15.4,0.0,16.8,66.8,0.0,0.0,0.0,1.262295082,0.0,4.098360656,,0.0001,
"Congo, Republic of the",1970,0.0,0.0,0.0,0.0,0.0,0.0,0.0,0.0,0.0,0.0,0.0,,0.0,
"Congo, Republic of the",1980,0.0,0.0,0.0,0.0,0.0,0.0,0.0,0.0,0.0,0.0,0.0,,0.0,
"Congo, Republic of the",1990,7650.0,0.2,0.0,200.0,7850.0,0.0,0.0,5.9,0.006583278,0.0,262.1062166,,0.0078,
"Congo, Republic of the",2000,2500.0,0.7,0.0,6000.0,8500.0,0.0,0.0,0.0,0.018781505,0.0,66.70532738,,0.0085,
"Congo, Republic of the",2010,21502.5,1.9,8.9,750.0,22261.4,0.0,0.0,0.0,0.042128603,0.197339246,400.3272272,,0.0223,
Cote D'ivoire,1980,700.0,0.0,0.0,0.0,700.0,0.0,0.0,0.0,0.0,0.0,6.085898105,155000.0,0.0007,0.5167
Cote D'ivoire,1990,0.0,2.8,0.0,0.0,0.0,0.0,0.0,0.0,0.019093079,0.0,0.0,155000.0,0.0,0.5167
Cote D'ivoire,2000,245.0,3.3,0.6,1000.0,1245.6,0.0,0.0,0.0,0.01652058,0.002991176,1.272763972,155000.0,0.0012,0.5167
Cote D'ivoire,2010,4562.7,14.7,5.7,61.2,4629.6,0.0,0.0,0.0,0.063143688,0.022673519,18.62807582,155000.0,0.0046,0.5167
"Congo, Democratic Republic of the",1960,360.0,17.8,60.0,16.8,436.8,0.0,0.0,20.0,0.094857515,0.335908633,1.9967685,,0.0004,
"Congo, Democratic Republic of the",1970,50000.0,14.7,0.0,6000.0,56000.0,0.0,0.0,0.0,0.060621057,0.0,200.3526206,,0.056,
"Congo, Democratic Republic of the",1980,30014.8,0.0,0.0,0.0,30014.8,0.0,0.0,0.0,0.0,0.0,105.6631522,,0.03,
"Congo, Democratic Republic of the",1990,10600.0,7.3,56.1,3480.6,14136.7,0.0,0.0,0.0,0.019180024,0.160797563,24.42122543,,0.0141,
"Congo, Democratic Republic of the",2000,12372.5,41.7,322.3,14259.2,26954.0,0.0,0.0,1600.0,0.081260569,0.62581345,22.02786853,,0.027,
"Congo, Democratic Republic of the",2010,72851.6,73.5,112.5,3928.3,76892.4,0.0,0.0,1500.0,0.093995723,0.150941833,90.95647831,,0.0769,
Djibouti,1970,18500.0,0.0,0.0,1200.0,19700.0,0.0,0.0,250.0,0.0,0.0,6315.345305,595.0,0.0197,0.002
Djibouti,1980,50700.0,3.5,30.0,0.0,50730.0,0.0,0.0,110.0,0.843971631,5.319148936,12016.13629,595.0,0.0507,0.002
Djibouti,1990,32077.5,14.5,0.0,2000.0,34077.5,0.0,0.0,211.9,2.331189711,0.0,4924.486866,595.0,0.0341,0.002
Djibouti,2000,63125.0,5.1,0.0,150.0,63275.0,0.0,0.0,0.0,0.660621762,0.0,7889.338115,595.0,0.0633,0.002
Djibouti,2010,47525.8,1.3,0.0,0.0,47525.8,0.0,0.0,0.0,0.133791402,0.0,5211.447139,595.0,0.0475,0.002
Egypt,1920,0.0,1.2,0.0,0.0,0.0,,,,0.008421115,0.0,0.0,7920.0,0.0,0.0264
Egypt,1930,0.0,0.0,0.0,0.0,0.0,,,,0.0,0.0,0.0,7920.0,0.0,0.0264
Egypt,1940,0.0,0.0,0.0,0.0,0.0,,,,0.0,0.0,0.0,7920.0,0.0,0.0264
Egypt,1950,0.0,2.0,2.8,0.0,2.8,,,,0.008612152,0.012057012,0.0,7920.0,0.0,0.0264
Egypt,1960,0.0,0.2,1.6,53.5,55.1,0.0,0.0,0.0,0.000593419,0.004747352,0.0,7920.0,0.0001,0.0264
Egypt,1970,8100.0,6.8,0.0,0.0,8100.0,0.0,0.0,1400.0,0.016430485,0.0,19.16388672,7920.0,0.0081,0.0264
Egypt,1980,0.0,3.0,1.1,0.0,1.1,0.0,0.0,0.0,0.005770118,0.00211571,0.0,7920.0,0.0,0.0264
Egypt,1990,16892.0,129.2,1006.6,7822.0,25720.6,0.0,0.0,134200.0,0.214745415,1.71414222,28.03862869,7920.0,0.0257,0.0264
Egypt,2000,105.0,13.2,28.9,62.5,196.4,0.0,0.0,0.0,0.01701253,0.039750448,0.146883962,7920.0,0.0002,0.0264
Egypt,2010,3610.0,22.5,21.3,0.0,3631.3,0.0,0.0,12500.0,0.025013641,0.023382169,3.874805344,7920.0,0.0036,0.0264
Eritrea,1990,390000.0,0.3,1.6,1565.9,391567.5,0.0,0.0,516.5,0.013398839,0.071460473,17427.67452,252000.0,0.3916,0.84
Eritrea,2000,170700.0,0.0,1.3,0.0,170701.3,0.0,0.0,0.0,0.0,0.047794118,5575.849561,252000.0,0.1707,0.84
eSwatini,1980,63200.0,55.3,0.0,50.0,63250.0,0.0,0.0,5415.2,9.008869396,0.0,9362.962963,39.0,0.0633,0.0001
eSwatini,1990,25000.0,0.0,0.0,0.0,25000.0,0.0,0.0,173.9,0.0,0.0,3041.36253,39.0,0.025,0.0001
eSwatini,2000,166342.5,0.3,0.0,26.0,166368.5,0.0,0.0,5.0,0.028827965,0.0,16313.41363,39.0,0.1664,0.0001
eSwatini,2010,72440.0,1.1,0.0,0.0,72440.0,0.0,0.0,0.0,0.100456621,0.0,6441.075947,39.0,0.0724,0.0001
Ethiopia,1960,321000.0,205.5,16.5,642.0,321658.5,0.0,0.0,224.0,0.821835141,0.059668029,1218.137098,70600.0,0.3217,0.2353
Ethiopia,1970,306700.0,10008.0,0.0,2000.0,308700.0,0.0,0.0,7600.0,32.24340188,0.0,986.7405832,70600.0,0.3087,0.2353
Ethiopia,1980,2132524.0,30042.1,0.0,2000.0,2134524.0,0.0,0.0,0.0,78.7483598,0.0,5070.19154,70600.0,2.1345,0.2353
Ethiopia,1990,658033.0,48.2,4.6,15481.9,673519.5,0.0,0.0,2230.0,0.08040277,0.007973884,1056.43895,70600.0,0.6735,0.2353
Ethiopia,2000,2903194.9,144.8,13.6,97.5,2903306.0,0.0,0.0,940.0,0.188336733,0.017207155,3744.658577,70600.0,2.9033,0.2353
Ethiopia,2010,1708067.9,21.4,10.1,100.0,1708178.0,0.0,0.0,140223.6,0.020603357,0.009644438,1776.121278,70600.0,1.7082,0.2353
Gabon,1980,1000.0,0.0,0.0,0.0,1000.0,0.0,0.0,0.0,0.0,0.0,111.3585746,180.0,0.001,0.0006
Gabon,1990,0.0,0.0,0.0,0.0,0.0,0.0,0.0,0.0,0.0,0.0,0.0,180.0,0.0,0.0006
Gabon,2000,0.0,0.0,0.0,80.0,80.0,0.0,0.0,0.0,0.0,0.0,0.0,180.0,0.0001,0.0006
Gabon,2010,8137.5,0.1,0.0,0.0,8137.5,0.0,0.0,0.0,0.005714286,0.0,466.5650246,180.0,0.0081,0.0006
"Gambia, The",1910,0.0,0.0,0.0,0.0,0.0,,,,0.0,0.0,0.0,2570.0,0.0,0.0086
"Gambia, The",1920,0.0,0.0,0.0,0.0,0.0,,,,0.0,0.0,0.0,2570.0,0.0,0.0086
"Gambia, The",1930,0.0,0.0,0.0,0.0,0.0,,,,0.0,0.0,0.0,2570.0,0.0,0.0086
"Gambia, The",1940,0.0,0.0,0.0,0.0,0.0,,,,0.0,0.0,0.0,2570.0,0.0,0.0086
"Gambia, The",1950,0.0,0.0,0.0,0.0,0.0,,,,0.0,0.0,0.0,2570.0,0.0,0.0086
"Gambia, The",1960,33000.0,0.0,0.0,0.0,33000.0,0.0,0.0,70.0,0.0,0.0,7426.170141,2570.0,0.033,0.0086
"Gambia, The",1970,0.0,0.0,0.0,500.0,500.0,0.0,0.0,0.0,0.0,0.0,0.0,2570.0,0.0005,0.0086
"Gambia, The",1980,50000.0,0.0,0.0,0.0,50000.0,0.0,0.0,0.0,0.0,0.0,7849.293564,2570.0,0.05,0.0086
"Gambia, The",1990,3100.0,5.3,0.0,500.0,3600.0,0.0,0.0,0.0,0.415035239,0.0,245.7973074,2570.0,0.0036,0.0086
"Gambia, The",2000,3148.3,1.1,13.1,40.0,3201.4,0.0,0.0,0.0,0.070138282,0.879197475,196.3115532,2570.0,0.0032,0.0086
"Gambia, The",2010,56836.1,2.1,10.1,0.0,56846.2,0.0,0.0,0.0,0.104514549,0.430153322,2937.527843,2570.0,0.0568,0.0086
Ghana,1930,0.0,2.2,13.0,750.0,763.0,,,,0.057516641,0.339871058,0.0,20300.0,0.0008,0.0677
Ghana,1940,0.0,0.0,0.0,0.0,0.0,,,,0.0,0.0,0.0,20300.0,0.0,0.0677
Ghana,1950,0.0,0.0,0.0,0.0,0.0,,,,0.0,0.0,0.0,20300.0,0.0,0.0677
Ghana,1960,2500.0,0.0,0.0,0.0,2500.0,0.0,0.0,7470.0,0.0,0.0,30.04085556,20300.0,0.0025,0.0677
Ghana,1970,1200.0,0.0,0.0,0.0,1200.0,0.0,0.0,10.0,0.0,0.0,13.37345369,20300.0,0.0012,0.0677
Ghana,1980,1250430.0,1.1,0.0,0.0,1250430.0,0.0,0.0,0.0,0.00800594,0.0,11309.2023,20300.0,1.2504,0.0677
Ghana,1990,279157.3,20.2,2.9,23300.0,302460.2,0.0,0.0,3350.0,0.116153823,0.015415692,1764.052518,20300.0,0.3025,0.0677
Ghana,2000,69134.5,11.2,2.5,500.0,69637.0,0.0,0.0,0.0,0.048984248,0.012653743,306.8974426,20300.0,0.0696,0.0677
Ghana,2010,126228.9,20.9,4.3,500.0,126733.2,0.0,0.0,1200.0,0.0764786,0.015093682,438.928137,20300.0,0.1267,0.0677
Guinea,1980,2500.0,27.5,143.6,0.0,2643.6,0.0,0.0,0.0,0.529355149,2.764196343,48.55891848,13200.0,0.0026,0.044
Guinea,1990,606.6,1.2,0.0,0.0,606.6,0.0,0.0,0.0,0.015265233,0.0,8.795128317,13200.0,0.0006,0.044
Guinea,2000,28608.5,1.5,0.0,77.7,28686.2,0.0,0.0,0.0,0.017553652,0.0,328.8547241,13200.0,0.0287,0.044
Guinea,2010,10862.2,2.4,6.0,400.0,11268.2,0.0,0.0,0.0,0.021845095,0.052523501,101.827437,13200.0,0.0113,0.044
Guinea-Bissau,1910,0.0,0.0,0.0,0.0,0.0,,,,0.0,0.0,0.0,1120.0,0.0,0.0037
Guinea-Bissau,1920,0.0,0.0,0.0,0.0,0.0,,,,0.0,0.0,0.0,1120.0,0.0,0.0037
Guinea-Bissau,1930,0.0,0.0,0.0,0.0,0.0,,,,0.0,0.0,0.0,1120.0,0.0,0.0037
Guinea-Bissau,1940,0.0,0.0,0.0,0.0,0.0,,,,0.0,0.0,0.0,1120.0,0.0,0.0037
Guinea-Bissau,1950,0.0,0.0,0.0,0.0,0.0,,,,0.0,0.0,0.0,1120.0,0.0,0.0037
Guinea-Bissau,1960,0.0,0.0,0.0,0.0,0.0,0.0,0.0,0.0,0.0,0.0,0.0,1120.0,0.0,0.0037
Guinea-Bissau,1970,0.0,0.0,0.0,0.0,0.0,0.0,0.0,0.0,0.0,0.0,0.0,1120.0,0.0,0.0037
Guinea-Bissau,1980,0.0,0.1,0.3,370.0,370.3,0.0,0.0,0.0,0.010952903,0.032858708,0.0,1120.0,0.0004,0.0037
Guinea-Bissau,1990,292.2,0.3,0.0,30.0,322.2,0.0,0.0,0.0,0.025996534,0.0,26.90868063,1120.0,0.0003,0.0037
Guinea-Bissau,2000,13200.0,0.3,0.0,175.0,13375.0,0.0,0.0,0.0,0.022848439,0.0,1029.668775,1120.0,0.0134,0.0037
Guinea-Bissau,2010,6833.3,0.5,0.0,0.0,6833.3,0.0,0.0,0.0,0.029140514,0.0,434.480446,1120.0,0.0068,0.0037
Kenya,1960,27500.0,0.0,0.0,0.0,27500.0,0.0,0.0,5.0,0.0,0.0,289.0863539,8730.0,0.0275,0.0291
Kenya,1970,22600.0,10.0,0.0,0.0,22600.0,0.0,0.0,1150.0,0.068310677,0.0,178.8301361,8730.0,0.0226,0.0291
Kenya,1980,60300.0,12.5,0.0,0.0,60300.0,0.0,0.0,0.0,0.064856162,0.0,327.2123083,8730.0,0.0603,0.0291
Kenya,1990,2940000.0,25.5,0.0,120.0,2940120.0,0.0,0.0,1180.0,0.088336837,0.0,9807.652563,8730.0,2.9401,0.0291
Kenya,2000,1090808.8,70.9,3.5,0.0,1090812.3,0.0,0.0,10053.8,0.192448281,0.009204871,2906.580838,8730.0,1.0908,0.0291
Kenya,2010,1707802.6,96.5,12.6,612.0,1708427.2,19400.0,100.0,48600.0,0.20496569,0.026061867,3726.685027,8730.0,1.7084,0.0291
Lesotho,1960,20400.0,0.0,0.0,0.0,20400.0,0.0,0.0,100.0,0.0,0.0,2073.170732,5.0,0.0204,0.0
Lesotho,1970,0.0,0.0,0.0,0.0,0.0,0.0,0.0,0.0,0.0,0.0,0.0,5.0,0.0,0.0
Lesotho,1980,68000.0,1.8,0.0,0.0,68000.0,0.0,0.0,0.0,0.112781955,0.0,4591.96904,5.0,0.068,0.0
Lesotho,1990,33173.0,2.2,0.0,2.0,33175.0,0.0,0.0,0.0,0.129107981,0.0,1946.61178,5.0,0.0332,0.0
Lesotho,2000,98050.0,0.1,0.1,100.0,98150.1,0.0,0.0,0.0,0.004911591,0.004911591,4881.151486,5.0,0.0982,0.0
Lesotho,2010,187251.5,2.6,0.0,260.0,187511.5,0.0,0.0,0.0,0.129740519,0.0,9099.79896,5.0,0.1875,0.0
Liberia,1980,20.0,4.6,0.0,0.0,20.0,0.0,0.0,0.0,0.231271996,0.0,1.005530417,66800.0,0.0,0.2227
Liberia,1990,100500.0,1.0,0.0,200.0,100700.0,0.0,0.0,4700.0,0.039729837,0.0,4836.820603,66800.0,0.1007,0.2227
Liberia,2000,1758.4,0.3,0.0,384.0,2142.4,0.0,0.0,0.0,0.008216154,0.0,50.66023778,66800.0,0.0021,0.2227
Liberia,2010,3091.7,0.1,0.0,0.0,3091.7,0.0,0.0,0.0,0.002570033,0.0,73.44026118,66800.0,0.0031,0.2227
Libya,1960,0.0,30.0,37.5,500.0,537.5,0.0,0.0,500.0,1.866832607,2.333540759,0.0,4370.0,0.0005,0.0146
Libya,1970,0.0,0.0,0.0,0.0,0.0,0.0,0.0,0.0,0.0,0.0,0.0,4370.0,0.0,0.0146
Libya,1980,0.0,0.0,0.0,0.0,0.0,0.0,0.0,0.0,0.0,0.0,0.0,4370.0,0.0,0.0146
Libya,1990,0.0,0.0,0.0,0.0,0.0,0.0,0.0,4220.0,0.0,0.0,0.0,4370.0,0.0,0.0146
Libya,2000,0.0,0.0,0.0,0.0,0.0,0.0,0.0,0.0,0.0,0.0,0.0,4370.0,0.0,0.0146
Libya,2010,2200.0,2.0,3.0,0.0,2203.0,0.0,0.0,710.0,0.031218772,0.044267375,32.67614026,4370.0,0.0022,0.0146
Madagascar,1960,10500.0,11.0,4.0,1300.0,11804.0,0.0,0.0,810.0,0.17304205,0.062480475,166.7473982,287.0,0.0118,0.001
Madagascar,1970,306800.0,26.4,13.2,1885.0,308698.2,0.0,0.0,41982.0,0.364845521,0.180232032,4329.749879,287.0,0.3087,0.001
Madagascar,1980,234901.4,65.4,63.9,7000.0,241965.3,0.0,0.0,92500.0,0.651688162,0.629396614,2387.575543,287.0,0.242,0.001
Madagascar,1990,126500.0,43.1,5.1,24500.0,151005.1,0.0,0.0,6020.0,0.32012862,0.039029617,935.1591923,287.0,0.151,0.001
Madagascar,2000,487006.9,101.0,289.7,53877.6,541174.2,0.0,0.0,71418.1,0.566330112,1.632876197,2786.530386,287.0,0.5412,0.001
Madagascar,2010,374263.9,64.8,721.4,23398.1,398383.4,0.0,0.0,21600.0,0.276068276,2.73271569,1516.657346,287.0,0.3984,0.001
Malawi,1960,350.0,0.0,0.0,0.0,350.0,0.0,0.0,70.0,0.0,0.0,7.778262767,216.0,0.0003,0.0007
Malawi,1970,2000.0,0.0,0.0,0.0,2000.0,0.0,0.0,0.0,0.0,0.0,32.9218107,216.0,0.002,0.0007
Malawi,1980,143526.7,2.2,10.0,15000.0,158536.7,0.0,0.0,2800.0,0.024239753,0.110180696,1764.778568,216.0,0.1585,0.0007
Malawi,1990,1021700.0,47.7,0.0,15130.0,1036830.0,0.0,0.0,2408.9,0.496473264,0.0,10610.11346,216.0,1.0368,0.0007
Malawi,2000,960871.1,60.6,19.4,8470.9,969361.4,0.0,0.0,770.0,0.516132969,0.137989586,7822.500671,216.0,0.9694,0.0007
Malawi,2010,1052921.9,37.9,132.7,315.0,1053369.6,0.0,0.0,39000.0,0.222404077,0.751417043,6339.416113,216.0,1.0534,0.0007
Mali,1910,0.0,0.0,0.0,0.0,0.0,,,,0.0,0.0,0.0,4290.0,0.0,0.0143
Mali,1920,0.0,0.0,0.0,0.0,0.0,,,,0.0,0.0,0.0,4290.0,0.0,0.0143
Mali,1930,0.0,0.0,0.0,0.0,0.0,,,,0.0,0.0,0.0,4290.0,0.0,0.0143
Mali,1940,0.0,0.0,0.0,0.0,0.0,,,,0.0,0.0,0.0,4290.0,0.0,0.0143
Mali,1950,0.0,0.0,0.0,0.0,0.0,,,,0.0,0.0,0.0,4290.0,0.0,0.0143
Mali,1960,0.0,0.0,0.0,0.0,0.0,0.0,0.0,0.0,0.0,0.0,0.0,4290.0,0.0,0.0143
Mali,1970,0.0,0.0,0.0,0.0,0.0,0.0,0.0,0.0,0.0,0.0,0.0,4290.0,0.0,0.0143
Mali,1980,151463.5,1.8,0.0,1000.0,152463.5,0.0,0.0,0.0,0.022007996,0.0,2133.294759,4290.0,0.1525,0.0143
Mali,1990,30578.4,0.5,0.0,485.0,31063.4,0.0,0.0,0.0,0.004774643,0.0,353.2999456,4290.0,0.0311,0.0143
Mali,2000,111407.1,6.3,5.0,6152.2,117564.3,0.0,0.0,0.0,0.04828841,0.035879785,869.3781224,4290.0,0.1176,0.0143
Mali,2010,422504.4,7.1,0.2,0.0,422504.6,0.0,0.0,0.0,0.04087085,0.001017397,2730.619816,4290.0,0.4225,0.0143
Mauritania,1910,0.0,0.0,0.0,0.0,0.0,,,,0.0,0.0,0.0,39900.0,0.0,0.133
Mauritania,1920,0.0,0.0,0.0,0.0,0.0,,,,0.0,0.0,0.0,39900.0,0.0,0.133
Mauritania,1930,0.0,0.0,0.0,0.0,0.0,,,,0.0,0.0,0.0,39900.0,0.0,0.133
Mauritania,1940,0.0,0.0,0.0,0.0,0.0,,,,0.0,0.0,0.0,39900.0,0.0,0.133
Mauritania,1950,0.0,0.0,0.0,0.0,0.0,,,,0.0,0.0,0.0,39900.0,0.0,0.133
Mauritania,1960,134600.0,0.0,0.0,0.0,134600.0,0.0,0.0,3400.0,0.0,0.0,12146.6752,39900.0,0.1346,0.133
Mauritania,1970,144700.0,0.0,0.0,0.0,144700.0,0.0,0.0,2550.0,0.0,0.0,10550.78594,39900.0,0.1447,0.133
Mauritania,1980,160900.0,0.0,0.0,90.0,160990.0,0.0,0.0,0.0,0.0,0.0,10433.90716,39900.0,0.161,0.133
Mauritania,1990,47211.5,0.5,31.7,2035.2,49278.4,0.0,0.0,0.0,0.023060289,1.50313602,2135.016688,39900.0,0.0493,0.133
Mauritania,2000,109912.0,4.5,1.9,3460.0,113373.9,0.0,0.0,0.0,0.156301412,0.061053985,4023.194955,39900.0,0.1134,0.133
Mauritania,2010,585394.9,2.9,4.0,230.5,585629.4,0.0,0.0,200.0,0.069613854,0.093392482,14409.81352,39900.0,0.5856,0.133
Mauritius,1960,2000.0,4.2,2.4,350.0,2352.4,0.0,0.0,500.0,0.636363636,0.305732484,254.7770701,36.0,0.0024,0.0001
Mauritius,1970,95119.9,1.6,33.2,500.0,95653.1,0.0,0.0,37500.0,0.176836937,3.545975519,10605.0658,36.0,0.0957,0.0001
Mauritius,1980,3685.0,0.2,50.8,0.0,3735.8,0.0,0.0,6097.3,0.019570239,4.857046339,370.3591837,36.0,0.0037,0.0001
Mauritius,1990,680.0,0.5,100.0,300.0,1080.0,0.0,0.0,31040.0,0.044223024,8.503401361,63.36110383,36.0,0.0011,0.0001
Mauritius,2000,0.0,0.5,5.0,100.0,105.0,0.0,0.0,5000.0,0.041165858,0.415973378,0.0,36.0,0.0001,0.0001
Mauritius,2010,3000.0,1.1,8.2,0.0,3008.2,0.0,0.0,200.0,0.087649402,0.653386454,236.7797948,36.0,0.003,0.0001
Morocco,1900,0.0,10.0,0.0,0.0,0.0,,,,0.201109926,0.0,0.0,2310.0,0.0,0.0077
Morocco,1910,0.0,0.0,0.0,0.0,0.0,,,,0.0,0.0,0.0,2310.0,0.0,0.0077
Morocco,1920,0.0,0.0,0.0,0.0,0.0,,,,0.0,0.0,0.0,2310.0,0.0,0.0077
Morocco,1930,0.0,0.0,0.0,0.0,0.0,,,,0.0,0.0,0.0,2310.0,0.0,0.0077
Morocco,1940,0.0,0.0,0.0,0.0,0.0,,,,0.0,0.0,0.0,2310.0,0.0,0.0077
Morocco,1950,0.0,16.1,0.0,0.0,0.0,,,,0.171247719,0.0,0.0,2310.0,0.0,0.0077
Morocco,1960,8281.3,1233.1,2501.0,0.0,10782.3,0.0,0.0,12500.0,9.97311214,20.28481426,59.56838509,2310.0,0.0108,0.0077
Morocco,1970,42100.1,3.7,0.3,3873.2,45973.6,0.0,0.0,3010.0,0.020690074,0.001874414,259.8524132,2310.0,0.046,0.0077
Morocco,1980,1000.0,3.2,0.0,221.6,1221.6,0.0,0.0,0.0,0.013445094,0.0,4.765535646,2310.0,0.0012,0.0077
Morocco,1990,37300.0,89.0,0.0,0.0,37300.0,0.0,0.0,96400.0,0.32888822,0.0,132.6290346,2310.0,0.0373,0.0077
Morocco,2000,5785.0,85.0,96.3,1253.9,7135.2,0.0,0.0,60305.9,0.28197551,0.319523377,18.8818811,2310.0,0.0071,0.0077
Morocco,2010,267170.0,14.1,3.8,0.0,267173.8,0.0,0.0,32900.0,0.041226907,0.010733978,757.0133536,2310.0,0.2672,0.0077
Mozambique,1950,0.0,10.7,0.0,0.0,0.0,,,,0.161338963,0.0,0.0,147.0,0.0,0.0005
Mozambique,1960,5000.0,0.0,0.0,0.0,5000.0,0.0,0.0,18000.0,0.0,0.0,59.39653124,147.0,0.005,0.0005
Mozambique,1970,725500.0,84.8,5.1,6500.0,732005.1,0.0,0.0,11850.0,0.864520202,0.047490455,6531.931513,147.0,0.732,0.0005
Mozambique,1980,611200.0,10026.9,0.0,0.0,611200.0,0.0,0.0,7550.0,84.15349053,0.0,5085.055641,147.0,0.6112,0.0005
Mozambique,1990,597000.0,39.6,200.0,50250.0,647450.0,1400.0,0.0,7695.0,0.253874763,1.337971635,4288.828352,147.0,0.6474,0.0005
Mozambique,2000,980326.1,114.8,19.1,8399.0,988744.2,0.0,150.0,65020.0,0.626126415,0.090745125,5180.67588,147.0,0.9887,0.0005
Mozambique,2010,638764.6,117.6,205.1,7865.0,646834.7,0.0,15000.0,228360.0,0.409722097,0.688273645,2277.482327,147.0,0.6468,0.0005
Namibia,1980,0.0,0.0,0.0,0.0,0.0,0.0,0.0,0.0,0.0,0.0,0.0,1070.0,0.0,0.0036
Namibia,1990,43820.0,0.0,0.0,0.0,43820.0,0.0,0.0,5100.0,0.0,0.0,2891.390569,1070.0,0.0438,0.0036
Namibia,2000,81930.0,14.8,0.0,0.0,81930.0,0.0,0.0,849.0,0.718564896,0.0,4172.048034,1070.0,0.0819,0.0036
Namibia,2010,254365.2,11.6,0.0,0.0,254365.2,0.0,0.0,13600.0,0.538449068,0.0,11183.56283,1070.0,0.2544,0.0036
Niger,1900,0.0,0.0,0.0,0.0,0.0,,,,0.0,0.0,0.0,805.0,0.0,0.0027
Niger,1910,3200.0,8500.0,0.0,0.0,3200.0,,,,414.2195227,0.0,155.9414674,805.0,0.0032,0.0027
Niger,1920,0.0,0.0,0.0,0.0,0.0,,,,0.0,0.0,0.0,805.0,0.0,0.0027
Niger,1930,0.0,0.0,0.0,0.0,0.0,,,,0.0,0.0,0.0,805.0,0.0,0.0027
Niger,1940,0.0,0.0,0.0,0.0,0.0,,,,0.0,0.0,0.0,805.0,0.0,0.0027
Niger,1950,0.0,0.0,0.0,0.0,0.0,,,,0.0,0.0,0.0,805.0,0.0,0.0027
Niger,1960,0.0,0.0,0.0,0.0,0.0,0.0,0.0,0.0,0.0,0.0,0.0,805.0,0.0,0.0027
Niger,1970,1600.0,0.0,0.0,0.0,1600.0,0.0,0.0,100.0,0.0,0.0,31.73973418,805.0,0.0016,0.0027
Niger,1980,458000.0,2.0,0.0,0.0,458000.0,0.0,0.0,1020.0,0.026497085,0.0,7274.890028,805.0,0.458,0.0027
Niger,1990,165010.6,7.4,0.0,9478.1,174488.7,0.0,0.0,0.0,0.078253809,0.0,2049.616395,805.0,0.1745,0.0027
Niger,2000,1470835.7,3.8,1.6,4647.2,1475484.5,0.0,0.0,0.0,0.028062996,0.011918074,10394.20862,805.0,1.4755,0.0027
Niger,2010,860985.5,42.8,2.7,3779.0,864767.2,0.0,0.0,26083.9,0.21404703,0.012987638,4551.562379,805.0,0.8648,0.0027
Nigeria,1970,0.0,10.0,0.0,0.0,0.0,0.0,0.0,0.0,0.014435847,0.0,0.0,17100.0,0.0,0.057
Nigeria,1980,300600.0,13.0,0.0,30150.0,330750.0,0.0,0.0,7910.3,0.014381326,0.0,398.3797701,17100.0,0.3307,0.057
Nigeria,1990,26000.0,25.2,0.0,54400.0,80400.0,0.0,0.0,6650.0,0.021783528,0.0,23.80302404,17100.0,0.0804,0.057
Nigeria,2000,53286.5,62.8,65.4,2530.2,55882.1,0.0,0.0,1242.2,0.047073152,0.048614825,38.59182812,17100.0,0.0559,0.057
Nigeria,2010,1080855.8,109.2,270.6,1300.0,1082426.4,510.0,0.0,83550.0,0.062001792,0.149818919,632.4406894,17100.0,1.0824,0.057
Rwanda,1970,360000.0,0.0,0.0,0.0,360000.0,0.0,0.0,0.0,0.0,0.0,8262.350472,107000.0,0.36,0.3567
Rwanda,1980,50162.8,28.5,5.0,0.0,50167.8,0.0,0.0,0.0,0.393403751,0.070541761,824.4677295,107000.0,0.0502,0.3567
Rwanda,1990,97654.5,0.0,0.0,0.0,97654.5,0.0,0.0,0.0,0.0,0.0,1328.938853,107000.0,0.0977,0.3567
Rwanda,2000,104233.0,21.6,81.8,700.0,105014.8,0.0,0.0,0.9,0.246542131,0.875466553,1216.755587,107000.0,0.105,0.3567
Rwanda,2010,8641.8,26.6,19.7,648.5,9310.0,0.0,0.0,7200.0,0.227741304,0.168067287,73.90419049,107000.0,0.0093,0.3567
São Tomé and Principe,1980,9300.0,0.0,0.0,0.0,9300.0,0.0,0.0,0.0,0.0,0.0,9207.920792,32.0,0.0093,0.0001
Senegal,1910,0.0,0.0,0.0,0.0,0.0,,,,0.0,0.0,0.0,17700.0,0.0,0.059
Senegal,1920,0.0,0.0,0.0,0.0,0.0,,,,0.0,0.0,0.0,17700.0,0.0,0.059
Senegal,1930,0.0,0.0,0.0,0.0,0.0,,,,0.0,0.0,0.0,17700.0,0.0,0.059
Senegal,1940,0.0,0.0,0.0,0.0,0.0,,,,0.0,0.0,0.0,17700.0,0.0,0.059
Senegal,1950,0.0,0.0,0.0,0.0,0.0,,,,0.0,0.0,0.0,17700.0,0.0,0.059
Senegal,1960,140200.0,0.0,0.0,0.0,140200.0,0.0,0.0,7485.0,0.0,0.0,3392.648387,17700.0,0.1402,0.059
Senegal,1970,466500.0,0.0,0.0,0.0,466500.0,0.0,0.0,30200.0,0.0,0.0,9092.897323,17700.0,0.4665,0.059
Senegal,1980,120800.0,0.0,0.0,1000.0,121800.0,0.0,0.0,140.6,0.0,0.0,2162.228302,17700.0,0.1218,0.059
Senegal,1990,37085.3,18.7,0.0,4750.0,41835.3,0.0,0.0,0.0,0.195422719,0.0,395.8209148,17700.0,0.0418,0.059
Senegal,2000,80717.7,5.3,0.0,749.2,81466.9,8.4,0.0,4097.9,0.049208718,0.0,734.7296081,17700.0,0.0815,0.059
Senegal,2010,215704.0,4.0,31.8,0.0,215735.8,0.0,0.0,1000.0,0.028575749,0.223264304,1563.540798,17700.0,0.2157,0.059
Seychelles,1990,112.5,0.5,0.2,11.0,123.7,0.0,0.0,170.0,0.641025641,0.256410256,144.2307692,39.0,0.0001,0.0001
Seychelles,2000,1156.0,0.3,0.0,7.0,1163.0,0.0,0.0,3000.0,0.344827586,0.0,1356.650246,39.0,0.0012,0.0001
Seychelles,2010,743.5,0.0,0.0,0.0,743.5,0.0,0.0,930.0,0.0,0.0,794.3891558,39.0,0.0007,0.0001
Sierra Leone,1970,1000.0,0.1,0.0,0.0,1000.0,0.0,0.0,360.0,0.003292723,0.0,32.92723082,7990.0,0.001,0.0266
Sierra Leone,1980,0.0,6.0,0.0,0.0,0.0,0.0,0.0,0.0,0.161812298,0.0,0.0,7990.0,0.0,0.0266
Sierra Leone,1990,20000.0,2.5,0.3,0.0,20000.3,0.0,0.0,0.0,0.056957778,0.006723442,463.714352,7990.0,0.02,0.0266
Sierra Leone,2000,2095.5,13.3,1.5,0.0,2097.0,0.0,0.0,0.0,0.218021718,0.023912004,36.39946664,7990.0,0.0021,0.0266
Sierra Leone,2010,4673.4,115.6,10.5,225.7,4909.6,0.0,0.0,3000.0,1.551525791,0.141340026,63.31740273,7990.0,0.0049,0.0266
Somalia,1960,70000.0,25.0,0.0,0.0,70000.0,0.0,0.0,0.0,0.877343184,0.0,2332.555815,1080000.0,0.07,3.6
Somalia,1970,27000.0,1900.0,0.0,0.0,27000.0,0.0,0.0,0.0,54.08482778,0.0,738.0096987,1080000.0,0.027,3.6
Somalia,1980,63350.0,63.9,0.0,3000.0,66350.0,0.0,0.0,0.0,0.929725738,0.0,921.1971629,1080000.0,0.0664,3.6
Somalia,1990,221060.0,248.5,0.0,23000.0,244060.0,0.0,0.0,0.0,3.143515157,0.0,2676.928866,1080000.0,0.2441,3.6
Somalia,2000,431835.0,44.0,31.5,22600.0,454466.5,0.0,0.0,10002.0,0.42591903,0.30934279,3887.879645,1080000.0,0.4545,3.6
Somalia,2010,1848230.0,2030.1,0.0,2020.0,1850250.0,0.0,0.0,8200.0,16.8285396,0.0,13881.7559,1080000.0,1.8502,3.6
South Africa,1950,0.0,8.6,0.0,0.0,0.0,,,,0.055158229,0.0,0.0,422.0,0.0,0.0014
South Africa,1960,600.0,0.9,0.0,0.0,600.0,0.0,0.0,5400.0,0.004186825,0.0,3.111265487,422.0,0.0006,0.0014
South Africa,1970,100.0,5.6,0.0,0.0,100.0,0.0,0.0,0.0,0.021680163,0.0,0.377629244,422.0,0.0001,0.0014
South Africa,1980,273500.0,70.9,20.0,18.5,273538.5,0.0,30100.0,90830.5,0.213433392,0.064528618,805.7961602,422.0,0.2735,0.0014
South Africa,1990,33810.0,45.8,73.4,2580.0,36463.4,0.0,11780.0,161946.0,0.109218851,0.167074678,81.37622021,422.0,0.0365,0.0014
South Africa,2000,1522026.6,33.2,87.7,2295.0,1524409.3,12754.8,6800.0,86630.5,0.070436755,0.188692743,3218.637544,422.0,1.5244,0.0014
South Africa,2010,381612.9,29.3,59.8,950.0,382622.7,0.0,63100.0,344400.0,0.053026452,0.113951227,685.1820094,422.0,0.3826,0.0014
South Sudan,2000,439279.1,1.7,0.0,0.0,439279.1,0.0,0.0,0.0,0.01945748,0.0,4809.770606,0.0,0.4393,0.0
South Sudan,2010,558480.0,19.9,1.2,0.0,558481.2,0.0,0.0,0.0,0.189987997,0.010847948,5209.860923,0.0,0.5585,0.0
Sudan,1970,24500.0,3.4,0.0,0.0,24500.0,0.0,0.0,2500.0,0.025166543,0.0,193.419772,500000.0,0.0245,1.6667
Sudan,1980,1345200.0,15009.6,0.0,103000.0,1448200.0,0.0,0.0,0.0,93.17231014,0.0,7958.056388,500000.0,1.4482,1.6667
Sudan,1990,1265600.6,38.0,1851.5,20270.0,1287722.1,0.0,0.0,4020.0,0.150492061,7.471754015,5729.112394,500000.0,1.2877,1.6667
Sudan,2000,131545.5,25.8,39.1,21078.0,152662.6,0.0,0.0,48600.0,0.081772564,0.122527849,426.8652748,500000.0,0.1527,1.6667
Sudan,2010,550583.8,56.2,75.1,15690.0,566348.9,0.0,0.0,700.0,0.144034661,0.196241826,1497.833026,500000.0,0.5663,1.6667
Tanzania,1960,12098.3,4.4,0.0,390.0,12488.3,0.0,0.0,100.0,0.034972791,0.0,97.39860622,1150.0,0.0125,0.0038
Tanzania,1970,16900.0,2.5,0.0,1800.0,18700.0,0.0,0.0,300.0,0.01624537,0.0,99.55093771,1150.0,0.0187,0.0038
Tanzania,1980,219755.6,1.0,0.0,600.0,220355.6,0.0,0.0,0.0,0.004096346,0.0,1032.81673,1150.0,0.2204,0.0038
Tanzania,1990,415799.1,42.5,3.0,5275.2,421077.3,0.0,0.0,379.0,0.153235944,0.010757701,1436.032772,1150.0,0.4211,0.0038
Tanzania,2000,593227.3,19.0,7.3,2832.7,596067.3,0.0,0.0,0.0,0.049111926,0.019202069,1545.225691,1150.0,0.5961,0.0038
Tanzania,2010,339036.5,23.9,76.3,2570.9,341683.7,19400.0,0.0,46000.0,0.046158826,0.150438896,639.3632639,1150.0,0.3417,0.0038
Togo,1960,0.0,0.0,1.5,0.0,1.5,0.0,0.0,20.0,0.0,0.084554679,0.0,17900.0,0.0,0.0597
Togo,1970,15000.0,0.0,0.0,0.0,15000.0,0.0,0.0,50.0,0.0,0.0,686.1848124,17900.0,0.015,0.0597
Togo,1980,40000.0,0.0,0.0,0.0,40000.0,0.0,0.0,0.0,0.0,0.0,1087.251971,17900.0,0.04,0.0597
Togo,1990,21540.5,0.3,0.0,7650.0,29190.5,0.0,0.0,0.0,0.007098912,0.0,486.1838318,17900.0,0.0292,0.0597
Togo,2000,17461.5,4.7,15.6,1337.4,18814.5,0.0,0.0,0.0,0.079120311,0.259937697,293.0249442,17900.0,0.0188,0.0597
Togo,2010,12761.0,2.2,0.0,0.0,12761.0,0.0,0.0,0.0,0.034257241,0.0,194.5623437,17900.0,0.0128,0.0597
Tunisia,1950,0.0,1.3,0.0,0.0,0.0,,,,0.032234069,0.0,0.0,1930.0,0.0,0.0064
Tunisia,1960,29226.9,62.9,0.0,0.0,29226.9,0.0,0.0,10300.0,1.293004392,0.0,594.7608977,1930.0,0.0292,0.0064
Tunisia,1970,7639.0,11.1,0.0,0.0,7639.0,0.0,0.0,500.0,0.205213533,0.0,136.0376855,1930.0,0.0076,0.0064
Tunisia,1980,3000.0,14.0,0.0,250.0,3250.0,0.0,0.0,9000.0,0.204157996,0.0,44.50378282,1930.0,0.0032,0.0064
Tunisia,1990,15200.0,3.7,0.0,0.0,15200.0,0.0,0.0,24280.0,0.04488657,0.0,184.3988839,1930.0,0.0152,0.0064
Tunisia,2000,3350.0,4.5,0.8,0.0,3350.8,0.0,0.0,0.0,0.043743293,0.007600228,33.45693893,1930.0,0.0034,0.0064
Tunisia,2010,3200.0,1.3,0.0,0.0,3200.0,0.0,0.0,3600.0,0.011240813,0.0,27.68965936,1930.0,0.0032,0.0064
Uganda,1960,3000.0,10.4,51.0,0.0,3051.0,0.0,0.0,170.0,0.125862278,0.617209246,35.29083712,5660.0,0.0031,0.0189
Uganda,1970,50000.0,0.0,0.0,0.0,50000.0,0.0,0.0,0.0,0.0,0.0,414.2158893,5660.0,0.05,0.0189
Uganda,1980,60200.0,0.0,0.0,0.0,60200.0,0.0,0.0,0.0,0.0,0.0,385.5312326,5660.0,0.0602,0.0189
Uganda,1990,103900.0,24.2,0.0,570.0,104470.0,0.0,0.0,7260.0,0.109055445,0.0,461.8695674,5660.0,0.1045,0.0189
Uganda,2000,284406.6,21.8,5.5,31497.5,315909.6,0.0,0.0,7.1,0.081031097,0.019358433,1004.74269,5660.0,0.3159,0.0189
Uganda,2010,100483.3,77.1,16.0,495.8,100995.1,0.0,0.0,580.0,0.212858643,0.044690246,290.4076223,5660.0,0.101,0.0189
Zambia,1970,3000.0,1.1,90.0,0.0,3090.0,0.0,0.0,20.0,0.020117045,1.645940015,54.86466715,234.0,0.0031,0.0008
Zambia,1980,80000.0,0.0,0.0,0.0,80000.0,0.0,0.0,0.0,0.0,0.0,1023.017903,234.0,0.08,0.0008
Zambia,1990,427320.4,0.0,0.0,0.0,427320.4,0.0,0.0,2070.0,0.0,0.0,4832.460396,234.0,0.4273,0.0008
Zambia,2000,421362.0,6.0,1.3,1100.0,422463.3,0.0,0.0,0.0,0.047729777,0.011254437,3494.396762,234.0,0.4225,0.0008
Zambia,2010,142437.5,1.3,0.0,2015.0,144452.5,0.0,0.0,0.0,0.008854245,0.0,798.0966383,234.0,0.1445,0.0008
Zimbabwe,1970,0.0,1.1,0.0,0.0,0.0,0.0,0.0,0.0,0.017476962,0.0,0.0,25000.0,0.0,0.0833
Zimbabwe,1980,0.0,0.0,0.0,0.0,0.0,0.0,0.0,100.0,0.0,0.0,0.0,25000.0,0.0,0.0833
Zimbabwe,1990,505500.0,3.6,0.0,0.0,505500.0,0.0,0.0,5000.0,0.030646122,0.0,4839.76525,25000.0,0.5055,0.0833
Zimbabwe,2000,836500.0,12.0,0.0,6600.0,843100.0,0.0,0.0,27770.0,0.10019586,0.0,6967.703608,25000.0,0.8431,0.0833
Zimbabwe,2010,1325263.8,108.5,31.6,1337.0,1326632.4,0.0,0.0,70900.0,0.756140926,0.218384381,9646.572276,25000.0,1.3266,0.0833
